/Users/takashi/Documents/knowledge/unrated_knowledge/qtable/qtable_1_20181202_060552.csv,5
/Users/takashi/Documents/knowledge/unrated_knowledge/qtable/qtable_1_20181202_060556.csv,2
/Users/takashi/Documents/knowledge/unrated_knowledge/qtable/qtable_1_20181202_060609.csv,7
/Users/takashi/Documents/knowledge/unrated_knowledge/qtable/qtable_1_20181202_060610.csv,7
/Users/takashi/Documents/knowledge/unrated_knowledge/qtable/qtable_1_20181202_060613.csv,1
/Users/takashi/Documents/knowledge/unrated_knowledge/qtable/qtable_1_20181202_060632.csv,5
/Users/takashi/Documents/knowledge/unrated_knowledge/qtable/qtable_1_20181202_060633.csv,5
/Users/takashi/Documents/knowledge/unrated_knowledge/qtable/qtable_1_20181202_060636.csv,2
/Users/takashi/Documents/knowledge/unrated_knowledge/qtable/qtable_1_20181202_060642.csv,4
/Users/takashi/Documents/knowledge/unrated_knowledge/qtable/qtable_1_20181202_060646.csv,0
/Users/takashi/Documents/knowledge/unrated_knowledge/qtable/qtable_1_20181202_060653.csv,1
/Users/takashi/Documents/knowledge/unrated_knowledge/qtable/qtable_1_20181202_060700.csv,4
/Users/takashi/Documents/knowledge/unrated_knowledge/qtable/qtable_1_20181202_060704.csv,2
/Users/takashi/Documents/knowledge/unrated_knowledge/qtable/qtable_1_20181202_060712.csv,5
/Users/takashi/Documents/knowledge/unrated_knowledge/qtable/qtable_1_20181202_060718.csv,2
/Users/takashi/Documents/knowledge/unrated_knowledge/qtable/qtable_1_20181202_060726.csv,7
/Users/takashi/Documents/knowledge/unrated_knowledge/qtable/qtable_1_20181202_060727.csv,3
/Users/takashi/Documents/knowledge/unrated_knowledge/qtable/qtable_1_20181202_060740.csv,3
/Users/takashi/Documents/knowledge/unrated_knowledge/qtable/qtable_1_20181202_060753.csv,4
/Users/takashi/Documents/knowledge/unrated_knowledge/qtable/qtable_1_20181202_060755.csv,2
/Users/takashi/Documents/knowledge/unrated_knowledge/qtable/qtable_1_20181202_060814.csv,3
/Users/takashi/Documents/knowledge/unrated_knowledge/qtable/qtable_1_20181202_060859.csv,1
/Users/takashi/Documents/knowledge/unrated_knowledge/qtable/qtable_1_20181202_060901.csv,0
/Users/takashi/Documents/knowledge/unrated_knowledge/qtable/qtable_1_20181202_060910.csv,2
/Users/takashi/Documents/knowledge/unrated_knowledge/qtable/qtable_1_20181202_060925.csv,1
/Users/takashi/Documents/knowledge/unrated_knowledge/qtable/qtable_1_20181202_060929.csv,7
/Users/takashi/Documents/knowledge/unrated_knowledge/qtable/qtable_1_20181202_060930.csv,7
/Users/takashi/Documents/knowledge/unrated_knowledge/qtable/qtable_1_20181202_060933.csv,3
/Users/takashi/Documents/knowledge/unrated_knowledge/qtable/qtable_1_20181202_060935.csv,1
/Users/takashi/Documents/knowledge/unrated_knowledge/qtable/qtable_1_20181202_060944.csv,0
/Users/takashi/Documents/knowledge/unrated_knowledge/qtable/qtable_1_20181202_060947.csv,3
/Users/takashi/Documents/knowledge/unrated_knowledge/qtable/qtable_1_20181202_060952.csv,7
/Users/takashi/Documents/knowledge/unrated_knowledge/qtable/qtable_1_20181202_060955.csv,3
/Users/takashi/Documents/knowledge/unrated_knowledge/qtable/qtable_1_20181202_061004.csv,2
/Users/takashi/Documents/knowledge/unrated_knowledge/qtable/qtable_1_20181202_061009.csv,7
/Users/takashi/Documents/knowledge/unrated_knowledge/qtable/qtable_1_20181202_061011.csv,0
/Users/takashi/Documents/knowledge/unrated_knowledge/qtable/qtable_1_20181202_061025.csv,3
/Users/takashi/Documents/knowledge/unrated_knowledge/qtable/qtable_1_20181202_061028.csv,0
/Users/takashi/Documents/knowledge/unrated_knowledge/qtable/qtable_1_20181202_061037.csv,6
/Users/takashi/Documents/knowledge/unrated_knowledge/qtable/qtable_1_20181202_061038.csv,0
/Users/takashi/Documents/knowledge/unrated_knowledge/qtable/qtable_1_20181202_061042.csv,7
/Users/takashi/Documents/knowledge/unrated_knowledge/qtable/qtable_1_20181202_061047.csv,3
/Users/takashi/Documents/knowledge/unrated_knowledge/qtable/qtable_1_20181202_061052.csv,4
/Users/takashi/Documents/knowledge/unrated_knowledge/qtable/qtable_1_20181202_061053.csv,3
/Users/takashi/Documents/knowledge/unrated_knowledge/qtable/qtable_1_20181202_061059.csv,7
/Users/takashi/Documents/knowledge/unrated_knowledge/qtable/qtable_1_20181202_061101.csv,4
/Users/takashi/Documents/knowledge/unrated_knowledge/qtable/qtable_1_20181202_061103.csv,3
/Users/takashi/Documents/knowledge/unrated_knowledge/qtable/qtable_1_20181202_061108.csv,2
/Users/takashi/Documents/knowledge/unrated_knowledge/qtable/qtable_1_20181202_061113.csv,3
/Users/takashi/Documents/knowledge/unrated_knowledge/qtable/qtable_1_20181202_061118.csv,5
/Users/takashi/Documents/knowledge/unrated_knowledge/qtable/qtable_1_20181202_061119.csv,4
/Users/takashi/Documents/knowledge/unrated_knowledge/qtable/qtable_1_20181202_061120.csv,7
/Users/takashi/Documents/knowledge/unrated_knowledge/qtable/qtable_1_20181202_061121.csv,4
/Users/takashi/Documents/knowledge/unrated_knowledge/qtable/qtable_1_20181202_061122.csv,7
/Users/takashi/Documents/knowledge/unrated_knowledge/qtable/qtable_1_20181202_061125.csv,3
/Users/takashi/Documents/knowledge/unrated_knowledge/qtable/qtable_1_20181202_061129.csv,6
/Users/takashi/Documents/knowledge/unrated_knowledge/qtable/qtable_1_20181202_061130.csv,3
/Users/takashi/Documents/knowledge/unrated_knowledge/qtable/qtable_1_20181202_061138.csv,6
/Users/takashi/Documents/knowledge/unrated_knowledge/qtable/qtable_1_20181202_061140.csv,1
/Users/takashi/Documents/knowledge/unrated_knowledge/qtable/qtable_1_20181202_061147.csv,1
/Users/takashi/Documents/knowledge/unrated_knowledge/qtable/qtable_1_20181202_061209.csv,6
/Users/takashi/Documents/knowledge/unrated_knowledge/qtable/qtable_1_20181202_061212.csv,1
/Users/takashi/Documents/knowledge/unrated_knowledge/qtable/qtable_1_20181202_061217.csv,5
/Users/takashi/Documents/knowledge/unrated_knowledge/qtable/qtable_1_20181202_061218.csv,3
/Users/takashi/Documents/knowledge/unrated_knowledge/qtable/qtable_1_20181202_061224.csv,7
/Users/takashi/Documents/knowledge/unrated_knowledge/qtable/qtable_1_20181202_061225.csv,3
/Users/takashi/Documents/knowledge/unrated_knowledge/qtable/qtable_1_20181202_061250.csv,4
/Users/takashi/Documents/knowledge/unrated_knowledge/qtable/qtable_1_20181202_061254.csv,4
/Users/takashi/Documents/knowledge/unrated_knowledge/qtable/qtable_1_20181202_061255.csv,4
/Users/takashi/Documents/knowledge/unrated_knowledge/qtable/qtable_1_20181202_061257.csv,4
/Users/takashi/Documents/knowledge/unrated_knowledge/qtable/qtable_1_20181202_061259.csv,7
/Users/takashi/Documents/knowledge/unrated_knowledge/qtable/qtable_1_20181202_061302.csv,6
/Users/takashi/Documents/knowledge/unrated_knowledge/qtable/qtable_1_20181202_061305.csv,6
/Users/takashi/Documents/knowledge/unrated_knowledge/qtable/qtable_1_20181202_061306.csv,6
/Users/takashi/Documents/knowledge/unrated_knowledge/qtable/qtable_1_20181202_061307.csv,7
/Users/takashi/Documents/knowledge/unrated_knowledge/qtable/qtable_1_20181202_061308.csv,6
/Users/takashi/Documents/knowledge/unrated_knowledge/qtable/qtable_1_20181202_061309.csv,4
/Users/takashi/Documents/knowledge/unrated_knowledge/qtable/qtable_1_20181202_061552.csv,2
/Users/takashi/Documents/knowledge/unrated_knowledge/qtable/qtable_1_20181202_061558.csv,2
/Users/takashi/Documents/knowledge/unrated_knowledge/qtable/qtable_1_20181202_061603.csv,4
/Users/takashi/Documents/knowledge/unrated_knowledge/qtable/qtable_1_20181202_061605.csv,1
/Users/takashi/Documents/knowledge/unrated_knowledge/qtable/qtable_1_20181202_061610.csv,3
/Users/takashi/Documents/knowledge/unrated_knowledge/qtable/qtable_1_20181202_061620.csv,1
/Users/takashi/Documents/knowledge/unrated_knowledge/qtable/qtable_1_20181202_061625.csv,7
/Users/takashi/Documents/knowledge/unrated_knowledge/qtable/qtable_1_20181202_061628.csv,4
/Users/takashi/Documents/knowledge/unrated_knowledge/qtable/qtable_1_20181202_061630.csv,2
/Users/takashi/Documents/knowledge/unrated_knowledge/qtable/qtable_1_20181202_061633.csv,4
/Users/takashi/Documents/knowledge/unrated_knowledge/qtable/qtable_1_20181202_061634.csv,6
/Users/takashi/Documents/knowledge/unrated_knowledge/qtable/qtable_1_20181202_061635.csv,1
/Users/takashi/Documents/knowledge/unrated_knowledge/qtable/qtable_1_20181202_061639.csv,1
/Users/takashi/Documents/knowledge/unrated_knowledge/qtable/qtable_1_20181202_061641.csv,2
/Users/takashi/Documents/knowledge/unrated_knowledge/qtable/qtable_1_20181202_061647.csv,7
/Users/takashi/Documents/knowledge/unrated_knowledge/qtable/qtable_1_20181202_061651.csv,1
/Users/takashi/Documents/knowledge/unrated_knowledge/qtable/qtable_1_20181202_061659.csv,3
/Users/takashi/Documents/knowledge/unrated_knowledge/qtable/qtable_1_20181202_061702.csv,0
/Users/takashi/Documents/knowledge/unrated_knowledge/qtable/qtable_1_20181202_061707.csv,2
/Users/takashi/Documents/knowledge/unrated_knowledge/qtable/qtable_1_20181202_061716.csv,7
/Users/takashi/Documents/knowledge/unrated_knowledge/qtable/qtable_1_20181202_061717.csv,0
/Users/takashi/Documents/knowledge/unrated_knowledge/qtable/qtable_1_20181202_061732.csv,1
/Users/takashi/Documents/knowledge/unrated_knowledge/qtable/qtable_1_20181202_061735.csv,6
/Users/takashi/Documents/knowledge/unrated_knowledge/qtable/qtable_1_20181202_061737.csv,2
/Users/takashi/Documents/knowledge/unrated_knowledge/qtable/qtable_1_20181202_061741.csv,6
/Users/takashi/Documents/knowledge/unrated_knowledge/qtable/qtable_1_20181202_061742.csv,7
/Users/takashi/Documents/knowledge/unrated_knowledge/qtable/qtable_1_20181202_061743.csv,5
/Users/takashi/Documents/knowledge/unrated_knowledge/qtable/qtable_1_20181202_061745.csv,6
/Users/takashi/Documents/knowledge/unrated_knowledge/qtable/qtable_1_20181202_061747.csv,5
/Users/takashi/Documents/knowledge/unrated_knowledge/qtable/qtable_1_20181202_061748.csv,5
/Users/takashi/Documents/knowledge/unrated_knowledge/qtable/qtable_1_20181202_061749.csv,0
/Users/takashi/Documents/knowledge/unrated_knowledge/qtable/qtable_1_20181202_061807.csv,5
/Users/takashi/Documents/knowledge/unrated_knowledge/qtable/qtable_1_20181202_061808.csv,7
/Users/takashi/Documents/knowledge/unrated_knowledge/qtable/qtable_1_20181202_061809.csv,0
/Users/takashi/Documents/knowledge/unrated_knowledge/qtable/qtable_1_20181202_061822.csv,4
/Users/takashi/Documents/knowledge/unrated_knowledge/qtable/qtable_1_20181202_061823.csv,5
/Users/takashi/Documents/knowledge/unrated_knowledge/qtable/qtable_1_20181202_061825.csv,5
/Users/takashi/Documents/knowledge/unrated_knowledge/qtable/qtable_1_20181202_061828.csv,1
/Users/takashi/Documents/knowledge/unrated_knowledge/qtable/qtable_1_20181202_061835.csv,7
/Users/takashi/Documents/knowledge/unrated_knowledge/qtable/qtable_1_20181202_061837.csv,5
/Users/takashi/Documents/knowledge/unrated_knowledge/qtable/qtable_1_20181202_061839.csv,3
/Users/takashi/Documents/knowledge/unrated_knowledge/qtable/qtable_1_20181202_061910.csv,0
/Users/takashi/Documents/knowledge/unrated_knowledge/qtable/qtable_1_20181202_061917.csv,7
/Users/takashi/Documents/knowledge/unrated_knowledge/qtable/qtable_1_20181202_061921.csv,0
/Users/takashi/Documents/knowledge/unrated_knowledge/qtable/qtable_1_20181202_061942.csv,4
/Users/takashi/Documents/knowledge/unrated_knowledge/qtable/qtable_1_20181202_061943.csv,6
/Users/takashi/Documents/knowledge/unrated_knowledge/qtable/qtable_1_20181202_061944.csv,4
/Users/takashi/Documents/knowledge/unrated_knowledge/qtable/qtable_1_20181202_061946.csv,3
/Users/takashi/Documents/knowledge/unrated_knowledge/qtable/qtable_1_20181202_061950.csv,2
/Users/takashi/Documents/knowledge/unrated_knowledge/qtable/qtable_1_20181202_062001.csv,0
/Users/takashi/Documents/knowledge/unrated_knowledge/qtable/qtable_1_20181202_062038.csv,5
/Users/takashi/Documents/knowledge/unrated_knowledge/qtable/qtable_1_20181202_062040.csv,4
/Users/takashi/Documents/knowledge/unrated_knowledge/qtable/qtable_1_20181202_062041.csv,5
/Users/takashi/Documents/knowledge/unrated_knowledge/qtable/qtable_1_20181202_062044.csv,1
/Users/takashi/Documents/knowledge/unrated_knowledge/qtable/qtable_1_20181202_062057.csv,2
/Users/takashi/Documents/knowledge/unrated_knowledge/qtable/qtable_1_20181202_062107.csv,3
/Users/takashi/Documents/knowledge/unrated_knowledge/qtable/qtable_1_20181202_062120.csv,1
/Users/takashi/Documents/knowledge/unrated_knowledge/qtable/qtable_1_20181202_062136.csv,4
/Users/takashi/Documents/knowledge/unrated_knowledge/qtable/qtable_1_20181202_062137.csv,7
/Users/takashi/Documents/knowledge/unrated_knowledge/qtable/qtable_1_20181202_062139.csv,1
/Users/takashi/Documents/knowledge/unrated_knowledge/qtable/qtable_1_20181202_062145.csv,6
/Users/takashi/Documents/knowledge/unrated_knowledge/qtable/qtable_1_20181202_062146.csv,0
/Users/takashi/Documents/knowledge/unrated_knowledge/qtable/qtable_1_20181202_062152.csv,4
/Users/takashi/Documents/knowledge/unrated_knowledge/qtable/qtable_1_20181202_062156.csv,4
/Users/takashi/Documents/knowledge/unrated_knowledge/qtable/qtable_1_20181202_062158.csv,6
/Users/takashi/Documents/knowledge/unrated_knowledge/qtable/qtable_1_20181202_062202.csv,3
/Users/takashi/Documents/knowledge/unrated_knowledge/qtable/qtable_1_20181202_062211.csv,1
/Users/takashi/Documents/knowledge/unrated_knowledge/qtable/qtable_1_20181202_062219.csv,6
/Users/takashi/Documents/knowledge/unrated_knowledge/qtable/qtable_1_20181202_062220.csv,1
/Users/takashi/Documents/knowledge/unrated_knowledge/qtable/qtable_1_20181202_062232.csv,7
/Users/takashi/Documents/knowledge/unrated_knowledge/qtable/qtable_1_20181202_062234.csv,7
/Users/takashi/Documents/knowledge/unrated_knowledge/qtable/qtable_1_20181202_062236.csv,3
/Users/takashi/Documents/knowledge/unrated_knowledge/qtable/qtable_1_20181202_062258.csv,0
/Users/takashi/Documents/knowledge/unrated_knowledge/qtable/qtable_1_20181202_062303.csv,7
/Users/takashi/Documents/knowledge/unrated_knowledge/qtable/qtable_1_20181202_062306.csv,7
/Users/takashi/Documents/knowledge/unrated_knowledge/qtable/qtable_1_20181202_062309.csv,3
/Users/takashi/Documents/knowledge/unrated_knowledge/qtable/qtable_1_20181202_062314.csv,4
/Users/takashi/Documents/knowledge/unrated_knowledge/qtable/qtable_1_20181202_062319.csv,0
/Users/takashi/Documents/knowledge/unrated_knowledge/qtable/qtable_1_20181202_062405.csv,5
/Users/takashi/Documents/knowledge/unrated_knowledge/qtable/qtable_1_20181202_062409.csv,6
/Users/takashi/Documents/knowledge/unrated_knowledge/qtable/qtable_1_20181202_062411.csv,3
/Users/takashi/Documents/knowledge/unrated_knowledge/qtable/qtable_1_20181202_062424.csv,7
/Users/takashi/Documents/knowledge/unrated_knowledge/qtable/qtable_1_20181202_062425.csv,5
/Users/takashi/Documents/knowledge/unrated_knowledge/qtable/qtable_1_20181202_062426.csv,0
/Users/takashi/Documents/knowledge/unrated_knowledge/qtable/qtable_1_20181202_062433.csv,2
/Users/takashi/Documents/knowledge/unrated_knowledge/qtable/qtable_1_20181202_062452.csv,2
/Users/takashi/Documents/knowledge/unrated_knowledge/qtable/qtable_1_20181202_062457.csv,3
/Users/takashi/Documents/knowledge/unrated_knowledge/qtable/qtable_1_20181202_062500.csv,4
/Users/takashi/Documents/knowledge/unrated_knowledge/qtable/qtable_1_20181202_062501.csv,0
/Users/takashi/Documents/knowledge/unrated_knowledge/qtable/qtable_1_20181202_062506.csv,3
/Users/takashi/Documents/knowledge/unrated_knowledge/qtable/qtable_1_20181202_062515.csv,2
/Users/takashi/Documents/knowledge/unrated_knowledge/qtable/qtable_1_20181202_062520.csv,0
/Users/takashi/Documents/knowledge/unrated_knowledge/qtable/qtable_1_20181202_062529.csv,5
/Users/takashi/Documents/knowledge/unrated_knowledge/qtable/qtable_1_20181202_062531.csv,6
/Users/takashi/Documents/knowledge/unrated_knowledge/qtable/qtable_1_20181202_062532.csv,6
/Users/takashi/Documents/knowledge/unrated_knowledge/qtable/qtable_1_20181202_062533.csv,0
/Users/takashi/Documents/knowledge/unrated_knowledge/qtable/qtable_1_20181202_062535.csv,6
/Users/takashi/Documents/knowledge/unrated_knowledge/qtable/qtable_1_20181202_062538.csv,1
/Users/takashi/Documents/knowledge/unrated_knowledge/qtable/qtable_1_20181202_062539.csv,5
/Users/takashi/Documents/knowledge/unrated_knowledge/qtable/qtable_1_20181202_062540.csv,6
/Users/takashi/Documents/knowledge/unrated_knowledge/qtable/qtable_1_20181202_062542.csv,1
/Users/takashi/Documents/knowledge/unrated_knowledge/qtable/qtable_1_20181202_062556.csv,7
/Users/takashi/Documents/knowledge/unrated_knowledge/qtable/qtable_1_20181202_062558.csv,4
/Users/takashi/Documents/knowledge/unrated_knowledge/qtable/qtable_1_20181202_062602.csv,5
/Users/takashi/Documents/knowledge/unrated_knowledge/qtable/qtable_1_20181202_062603.csv,3
/Users/takashi/Documents/knowledge/unrated_knowledge/qtable/qtable_1_20181202_062609.csv,3
/Users/takashi/Documents/knowledge/unrated_knowledge/qtable/qtable_1_20181202_062625.csv,7
/Users/takashi/Documents/knowledge/unrated_knowledge/qtable/qtable_1_20181202_062626.csv,3
/Users/takashi/Documents/knowledge/unrated_knowledge/qtable/qtable_1_20181202_062633.csv,1
/Users/takashi/Documents/knowledge/unrated_knowledge/qtable/qtable_1_20181202_062639.csv,3
/Users/takashi/Documents/knowledge/unrated_knowledge/qtable/qtable_1_20181202_062643.csv,2
/Users/takashi/Documents/knowledge/unrated_knowledge/qtable/qtable_1_20181202_062645.csv,5
/Users/takashi/Documents/knowledge/unrated_knowledge/qtable/qtable_1_20181202_062647.csv,6
/Users/takashi/Documents/knowledge/unrated_knowledge/qtable/qtable_1_20181202_062649.csv,1
/Users/takashi/Documents/knowledge/unrated_knowledge/qtable/qtable_1_20181202_062659.csv,5
/Users/takashi/Documents/knowledge/unrated_knowledge/qtable/qtable_1_20181202_062701.csv,7
/Users/takashi/Documents/knowledge/unrated_knowledge/qtable/qtable_1_20181202_062702.csv,6
/Users/takashi/Documents/knowledge/unrated_knowledge/qtable/qtable_1_20181202_062703.csv,2
/Users/takashi/Documents/knowledge/unrated_knowledge/qtable/qtable_1_20181202_062712.csv,2
/Users/takashi/Documents/knowledge/unrated_knowledge/qtable/qtable_1_20181202_062714.csv,4
/Users/takashi/Documents/knowledge/unrated_knowledge/qtable/qtable_1_20181202_062716.csv,3
/Users/takashi/Documents/knowledge/unrated_knowledge/qtable/qtable_1_20181202_062720.csv,6
/Users/takashi/Documents/knowledge/unrated_knowledge/qtable/qtable_1_20181202_062723.csv,7
/Users/takashi/Documents/knowledge/unrated_knowledge/qtable/qtable_1_20181202_062725.csv,3
/Users/takashi/Documents/knowledge/unrated_knowledge/qtable/qtable_1_20181202_062735.csv,6
/Users/takashi/Documents/knowledge/unrated_knowledge/qtable/qtable_1_20181202_062736.csv,3
/Users/takashi/Documents/knowledge/unrated_knowledge/qtable/qtable_1_20181202_062743.csv,2
/Users/takashi/Documents/knowledge/unrated_knowledge/qtable/qtable_1_20181202_062809.csv,6
/Users/takashi/Documents/knowledge/unrated_knowledge/qtable/qtable_1_20181202_062810.csv,1
/Users/takashi/Documents/knowledge/unrated_knowledge/qtable/qtable_1_20181202_062812.csv,2
/Users/takashi/Documents/knowledge/unrated_knowledge/qtable/qtable_1_20181202_062815.csv,1
/Users/takashi/Documents/knowledge/unrated_knowledge/qtable/qtable_1_20181202_062831.csv,1
/Users/takashi/Documents/knowledge/unrated_knowledge/qtable/qtable_1_20181202_062837.csv,3
/Users/takashi/Documents/knowledge/unrated_knowledge/qtable/qtable_1_20181202_062842.csv,2
/Users/takashi/Documents/knowledge/unrated_knowledge/qtable/qtable_1_20181202_062847.csv,1
/Users/takashi/Documents/knowledge/unrated_knowledge/qtable/qtable_1_20181202_062856.csv,4
/Users/takashi/Documents/knowledge/unrated_knowledge/qtable/qtable_1_20181202_062858.csv,5
/Users/takashi/Documents/knowledge/unrated_knowledge/qtable/qtable_1_20181202_062859.csv,4
/Users/takashi/Documents/knowledge/unrated_knowledge/qtable/qtable_1_20181202_062900.csv,7
/Users/takashi/Documents/knowledge/unrated_knowledge/qtable/qtable_1_20181202_062901.csv,2
/Users/takashi/Documents/knowledge/unrated_knowledge/qtable/qtable_1_20181202_062905.csv,4
/Users/takashi/Documents/knowledge/unrated_knowledge/qtable/qtable_1_20181202_062906.csv,2
/Users/takashi/Documents/knowledge/unrated_knowledge/qtable/qtable_1_20181202_062912.csv,4
/Users/takashi/Documents/knowledge/unrated_knowledge/qtable/qtable_1_20181202_062913.csv,2
/Users/takashi/Documents/knowledge/unrated_knowledge/qtable/qtable_1_20181202_062928.csv,6
/Users/takashi/Documents/knowledge/unrated_knowledge/qtable/qtable_1_20181202_062931.csv,3
/Users/takashi/Documents/knowledge/unrated_knowledge/qtable/qtable_1_20181202_062937.csv,1
/Users/takashi/Documents/knowledge/unrated_knowledge/qtable/qtable_1_20181202_062942.csv,7
/Users/takashi/Documents/knowledge/unrated_knowledge/qtable/qtable_1_20181202_062949.csv,3
/Users/takashi/Documents/knowledge/unrated_knowledge/qtable/qtable_1_20181202_062953.csv,2
/Users/takashi/Documents/knowledge/unrated_knowledge/qtable/qtable_1_20181202_063002.csv,1
/Users/takashi/Documents/knowledge/unrated_knowledge/qtable/qtable_1_20181202_063006.csv,2
/Users/takashi/Documents/knowledge/unrated_knowledge/qtable/qtable_1_20181202_063027.csv,6
/Users/takashi/Documents/knowledge/unrated_knowledge/qtable/qtable_1_20181202_063029.csv,4
/Users/takashi/Documents/knowledge/unrated_knowledge/qtable/qtable_1_20181202_063030.csv,0
/Users/takashi/Documents/knowledge/unrated_knowledge/qtable/qtable_1_20181202_063043.csv,1
/Users/takashi/Documents/knowledge/unrated_knowledge/qtable/qtable_1_20181202_063052.csv,7
/Users/takashi/Documents/knowledge/unrated_knowledge/qtable/qtable_1_20181202_063057.csv,0
/Users/takashi/Documents/knowledge/unrated_knowledge/qtable/qtable_1_20181202_063127.csv,4
/Users/takashi/Documents/knowledge/unrated_knowledge/qtable/qtable_1_20181202_063132.csv,6
/Users/takashi/Documents/knowledge/unrated_knowledge/qtable/qtable_1_20181202_063134.csv,0
/Users/takashi/Documents/knowledge/unrated_knowledge/qtable/qtable_1_20181202_063138.csv,5
/Users/takashi/Documents/knowledge/unrated_knowledge/qtable/qtable_1_20181202_063139.csv,2
/Users/takashi/Documents/knowledge/unrated_knowledge/qtable/qtable_1_20181202_063224.csv,2
/Users/takashi/Documents/knowledge/unrated_knowledge/qtable/qtable_1_20181202_063238.csv,7
/Users/takashi/Documents/knowledge/unrated_knowledge/qtable/qtable_1_20181202_063240.csv,3
/Users/takashi/Documents/knowledge/unrated_knowledge/qtable/qtable_1_20181202_063246.csv,3
/Users/takashi/Documents/knowledge/unrated_knowledge/qtable/qtable_1_20181202_063255.csv,6
/Users/takashi/Documents/knowledge/unrated_knowledge/qtable/qtable_1_20181202_063256.csv,1
/Users/takashi/Documents/knowledge/unrated_knowledge/qtable/qtable_1_20181202_063302.csv,0
/Users/takashi/Documents/knowledge/unrated_knowledge/qtable/qtable_1_20181202_063313.csv,4
/Users/takashi/Documents/knowledge/unrated_knowledge/qtable/qtable_1_20181202_063317.csv,1
/Users/takashi/Documents/knowledge/unrated_knowledge/qtable/qtable_1_20181202_063324.csv,1
/Users/takashi/Documents/knowledge/unrated_knowledge/qtable/qtable_1_20181202_063410.csv,7
/Users/takashi/Documents/knowledge/unrated_knowledge/qtable/qtable_1_20181202_063415.csv,2
/Users/takashi/Documents/knowledge/unrated_knowledge/qtable/qtable_1_20181202_063427.csv,6
/Users/takashi/Documents/knowledge/unrated_knowledge/qtable/qtable_1_20181202_063431.csv,7
/Users/takashi/Documents/knowledge/unrated_knowledge/qtable/qtable_1_20181202_063433.csv,6
/Users/takashi/Documents/knowledge/unrated_knowledge/qtable/qtable_1_20181202_063434.csv,6
/Users/takashi/Documents/knowledge/unrated_knowledge/qtable/qtable_1_20181202_063435.csv,1
/Users/takashi/Documents/knowledge/unrated_knowledge/qtable/qtable_1_20181202_063447.csv,4
/Users/takashi/Documents/knowledge/unrated_knowledge/qtable/qtable_1_20181202_063449.csv,2
/Users/takashi/Documents/knowledge/unrated_knowledge/qtable/qtable_1_20181202_063501.csv,2
/Users/takashi/Documents/knowledge/unrated_knowledge/qtable/qtable_1_20181202_063517.csv,5
/Users/takashi/Documents/knowledge/unrated_knowledge/qtable/qtable_1_20181202_063518.csv,7
/Users/takashi/Documents/knowledge/unrated_knowledge/qtable/qtable_1_20181202_063519.csv,3
/Users/takashi/Documents/knowledge/unrated_knowledge/qtable/qtable_1_20181202_063526.csv,6
/Users/takashi/Documents/knowledge/unrated_knowledge/qtable/qtable_1_20181202_063527.csv,1
/Users/takashi/Documents/knowledge/unrated_knowledge/qtable/qtable_1_20181202_063531.csv,1
/Users/takashi/Documents/knowledge/unrated_knowledge/qtable/qtable_1_20181202_063541.csv,1
/Users/takashi/Documents/knowledge/unrated_knowledge/qtable/qtable_1_20181202_063550.csv,1
/Users/takashi/Documents/knowledge/unrated_knowledge/qtable/qtable_1_20181202_063553.csv,5
/Users/takashi/Documents/knowledge/unrated_knowledge/qtable/qtable_1_20181202_063554.csv,0
/Users/takashi/Documents/knowledge/unrated_knowledge/qtable/qtable_1_20181202_063558.csv,3
/Users/takashi/Documents/knowledge/unrated_knowledge/qtable/qtable_1_20181202_063605.csv,7
/Users/takashi/Documents/knowledge/unrated_knowledge/qtable/qtable_1_20181202_063606.csv,5
/Users/takashi/Documents/knowledge/unrated_knowledge/qtable/qtable_1_20181202_063609.csv,1
/Users/takashi/Documents/knowledge/unrated_knowledge/qtable/qtable_1_20181202_063623.csv,4
/Users/takashi/Documents/knowledge/unrated_knowledge/qtable/qtable_1_20181202_063625.csv,3
/Users/takashi/Documents/knowledge/unrated_knowledge/qtable/qtable_1_20181202_063635.csv,7
/Users/takashi/Documents/knowledge/unrated_knowledge/qtable/qtable_1_20181202_063636.csv,6
/Users/takashi/Documents/knowledge/unrated_knowledge/qtable/qtable_1_20181202_063637.csv,6
/Users/takashi/Documents/knowledge/unrated_knowledge/qtable/qtable_1_20181202_063638.csv,1
/Users/takashi/Documents/knowledge/unrated_knowledge/qtable/qtable_1_20181202_063643.csv,3
/Users/takashi/Documents/knowledge/unrated_knowledge/qtable/qtable_1_20181202_063648.csv,5
/Users/takashi/Documents/knowledge/unrated_knowledge/qtable/qtable_1_20181202_063652.csv,3
/Users/takashi/Documents/knowledge/unrated_knowledge/qtable/qtable_1_20181202_063656.csv,6
/Users/takashi/Documents/knowledge/unrated_knowledge/qtable/qtable_1_20181202_063658.csv,3
/Users/takashi/Documents/knowledge/unrated_knowledge/qtable/qtable_1_20181202_063701.csv,5
/Users/takashi/Documents/knowledge/unrated_knowledge/qtable/qtable_1_20181202_063702.csv,7
/Users/takashi/Documents/knowledge/unrated_knowledge/qtable/qtable_1_20181202_063704.csv,2
/Users/takashi/Documents/knowledge/unrated_knowledge/qtable/qtable_1_20181202_063709.csv,0
/Users/takashi/Documents/knowledge/unrated_knowledge/qtable/qtable_1_20181202_063715.csv,2
/Users/takashi/Documents/knowledge/unrated_knowledge/qtable/qtable_1_20181202_063717.csv,6
/Users/takashi/Documents/knowledge/unrated_knowledge/qtable/qtable_1_20181202_063718.csv,3
/Users/takashi/Documents/knowledge/unrated_knowledge/qtable/qtable_1_20181202_063735.csv,5
/Users/takashi/Documents/knowledge/unrated_knowledge/qtable/qtable_1_20181202_063737.csv,3
/Users/takashi/Documents/knowledge/unrated_knowledge/qtable/qtable_1_20181202_063739.csv,3
/Users/takashi/Documents/knowledge/unrated_knowledge/qtable/qtable_1_20181202_063742.csv,4
/Users/takashi/Documents/knowledge/unrated_knowledge/qtable/qtable_1_20181202_063743.csv,3
/Users/takashi/Documents/knowledge/unrated_knowledge/qtable/qtable_1_20181202_063756.csv,7
/Users/takashi/Documents/knowledge/unrated_knowledge/qtable/qtable_1_20181202_063757.csv,4
/Users/takashi/Documents/knowledge/unrated_knowledge/qtable/qtable_1_20181202_063758.csv,7
/Users/takashi/Documents/knowledge/unrated_knowledge/qtable/qtable_1_20181202_063759.csv,1
/Users/takashi/Documents/knowledge/unrated_knowledge/qtable/qtable_1_20181202_063806.csv,7
/Users/takashi/Documents/knowledge/unrated_knowledge/qtable/qtable_1_20181202_063809.csv,5
/Users/takashi/Documents/knowledge/unrated_knowledge/qtable/qtable_1_20181202_063811.csv,7
/Users/takashi/Documents/knowledge/unrated_knowledge/qtable/qtable_1_20181202_063813.csv,1
/Users/takashi/Documents/knowledge/unrated_knowledge/qtable/qtable_1_20181202_063820.csv,3
/Users/takashi/Documents/knowledge/unrated_knowledge/qtable/qtable_1_20181202_063831.csv,5
/Users/takashi/Documents/knowledge/unrated_knowledge/qtable/qtable_1_20181202_063833.csv,3
/Users/takashi/Documents/knowledge/unrated_knowledge/qtable/qtable_1_20181202_063844.csv,0
/Users/takashi/Documents/knowledge/unrated_knowledge/qtable/qtable_1_20181202_063848.csv,3
/Users/takashi/Documents/knowledge/unrated_knowledge/qtable/qtable_1_20181202_063851.csv,2
/Users/takashi/Documents/knowledge/unrated_knowledge/qtable/qtable_1_20181202_063853.csv,6
/Users/takashi/Documents/knowledge/unrated_knowledge/qtable/qtable_1_20181202_063856.csv,4
/Users/takashi/Documents/knowledge/unrated_knowledge/qtable/qtable_1_20181202_063857.csv,3
/Users/takashi/Documents/knowledge/unrated_knowledge/qtable/qtable_1_20181202_063903.csv,2
/Users/takashi/Documents/knowledge/unrated_knowledge/qtable/qtable_1_20181202_063907.csv,4
/Users/takashi/Documents/knowledge/unrated_knowledge/qtable/qtable_1_20181202_063908.csv,7
/Users/takashi/Documents/knowledge/unrated_knowledge/qtable/qtable_1_20181202_063910.csv,0
/Users/takashi/Documents/knowledge/unrated_knowledge/qtable/qtable_1_20181202_063912.csv,5
/Users/takashi/Documents/knowledge/unrated_knowledge/qtable/qtable_1_20181202_063913.csv,6
/Users/takashi/Documents/knowledge/unrated_knowledge/qtable/qtable_1_20181202_063915.csv,2
/Users/takashi/Documents/knowledge/unrated_knowledge/qtable/qtable_1_20181202_063921.csv,6
/Users/takashi/Documents/knowledge/unrated_knowledge/qtable/qtable_1_20181202_063922.csv,3
/Users/takashi/Documents/knowledge/unrated_knowledge/qtable/qtable_1_20181202_063925.csv,0
/Users/takashi/Documents/knowledge/unrated_knowledge/qtable/qtable_1_20181202_063931.csv,7
/Users/takashi/Documents/knowledge/unrated_knowledge/qtable/qtable_1_20181202_063932.csv,1
/Users/takashi/Documents/knowledge/unrated_knowledge/qtable/qtable_1_20181202_063937.csv,1
/Users/takashi/Documents/knowledge/unrated_knowledge/qtable/qtable_1_20181202_063940.csv,5
/Users/takashi/Documents/knowledge/unrated_knowledge/qtable/qtable_1_20181202_063941.csv,4
/Users/takashi/Documents/knowledge/unrated_knowledge/qtable/qtable_1_20181202_063942.csv,6
/Users/takashi/Documents/knowledge/unrated_knowledge/qtable/qtable_1_20181202_063944.csv,4
/Users/takashi/Documents/knowledge/unrated_knowledge/qtable/qtable_1_20181202_063945.csv,0
/Users/takashi/Documents/knowledge/unrated_knowledge/qtable/qtable_1_20181202_063953.csv,5
/Users/takashi/Documents/knowledge/unrated_knowledge/qtable/qtable_1_20181202_063955.csv,3
/Users/takashi/Documents/knowledge/unrated_knowledge/qtable/qtable_1_20181202_064005.csv,2
/Users/takashi/Documents/knowledge/unrated_knowledge/qtable/qtable_1_20181202_064016.csv,7
/Users/takashi/Documents/knowledge/unrated_knowledge/qtable/qtable_1_20181202_064017.csv,2
/Users/takashi/Documents/knowledge/unrated_knowledge/qtable/qtable_1_20181202_064018.csv,4
/Users/takashi/Documents/knowledge/unrated_knowledge/qtable/qtable_1_20181202_064019.csv,7
/Users/takashi/Documents/knowledge/unrated_knowledge/qtable/qtable_1_20181202_064020.csv,1
/Users/takashi/Documents/knowledge/unrated_knowledge/qtable/qtable_1_20181202_064023.csv,5
/Users/takashi/Documents/knowledge/unrated_knowledge/qtable/qtable_1_20181202_064024.csv,4
/Users/takashi/Documents/knowledge/unrated_knowledge/qtable/qtable_1_20181202_064026.csv,6
/Users/takashi/Documents/knowledge/unrated_knowledge/qtable/qtable_1_20181202_064028.csv,4
/Users/takashi/Documents/knowledge/unrated_knowledge/qtable/qtable_1_20181202_064031.csv,1
/Users/takashi/Documents/knowledge/unrated_knowledge/qtable/qtable_1_20181202_064037.csv,5
/Users/takashi/Documents/knowledge/unrated_knowledge/qtable/qtable_1_20181202_064038.csv,3
/Users/takashi/Documents/knowledge/unrated_knowledge/qtable/qtable_1_20181202_064045.csv,0
/Users/takashi/Documents/knowledge/unrated_knowledge/qtable/qtable_1_20181202_064049.csv,3
/Users/takashi/Documents/knowledge/unrated_knowledge/qtable/qtable_1_20181202_064055.csv,6
/Users/takashi/Documents/knowledge/unrated_knowledge/qtable/qtable_1_20181202_064056.csv,1
/Users/takashi/Documents/knowledge/unrated_knowledge/qtable/qtable_1_20181202_064107.csv,5
/Users/takashi/Documents/knowledge/unrated_knowledge/qtable/qtable_1_20181202_064108.csv,3
/Users/takashi/Documents/knowledge/unrated_knowledge/qtable/qtable_1_20181202_064117.csv,3
/Users/takashi/Documents/knowledge/unrated_knowledge/qtable/qtable_1_20181202_064123.csv,2
/Users/takashi/Documents/knowledge/unrated_knowledge/qtable/qtable_1_20181202_064126.csv,3
/Users/takashi/Documents/knowledge/unrated_knowledge/qtable/qtable_1_20181202_064132.csv,7
/Users/takashi/Documents/knowledge/unrated_knowledge/qtable/qtable_1_20181202_064133.csv,4
/Users/takashi/Documents/knowledge/unrated_knowledge/qtable/qtable_1_20181202_064135.csv,1
/Users/takashi/Documents/knowledge/unrated_knowledge/qtable/qtable_1_20181202_064137.csv,6
/Users/takashi/Documents/knowledge/unrated_knowledge/qtable/qtable_1_20181202_064140.csv,1
/Users/takashi/Documents/knowledge/unrated_knowledge/qtable/qtable_1_20181202_064144.csv,3
/Users/takashi/Documents/knowledge/unrated_knowledge/qtable/qtable_1_20181202_064153.csv,0
/Users/takashi/Documents/knowledge/unrated_knowledge/qtable/qtable_1_20181202_064158.csv,4
/Users/takashi/Documents/knowledge/unrated_knowledge/qtable/qtable_1_20181202_064159.csv,0
/Users/takashi/Documents/knowledge/unrated_knowledge/qtable/qtable_1_20181202_064204.csv,6
/Users/takashi/Documents/knowledge/unrated_knowledge/qtable/qtable_1_20181202_064205.csv,6
/Users/takashi/Documents/knowledge/unrated_knowledge/qtable/qtable_1_20181202_064206.csv,1
/Users/takashi/Documents/knowledge/unrated_knowledge/qtable/qtable_1_20181202_064217.csv,0
/Users/takashi/Documents/knowledge/unrated_knowledge/qtable/qtable_1_20181202_064226.csv,3
/Users/takashi/Documents/knowledge/unrated_knowledge/qtable/qtable_1_20181202_064231.csv,2
/Users/takashi/Documents/knowledge/unrated_knowledge/qtable/qtable_1_20181202_064237.csv,6
/Users/takashi/Documents/knowledge/unrated_knowledge/qtable/qtable_1_20181202_064239.csv,2
/Users/takashi/Documents/knowledge/unrated_knowledge/qtable/qtable_1_20181202_064242.csv,3
/Users/takashi/Documents/knowledge/unrated_knowledge/qtable/qtable_1_20181202_064245.csv,0
/Users/takashi/Documents/knowledge/unrated_knowledge/qtable/qtable_1_20181202_064302.csv,6
/Users/takashi/Documents/knowledge/unrated_knowledge/qtable/qtable_1_20181202_064303.csv,6
/Users/takashi/Documents/knowledge/unrated_knowledge/qtable/qtable_1_20181202_064305.csv,7
/Users/takashi/Documents/knowledge/unrated_knowledge/qtable/qtable_1_20181202_064309.csv,0
/Users/takashi/Documents/knowledge/unrated_knowledge/qtable/qtable_1_20181202_064318.csv,6
/Users/takashi/Documents/knowledge/unrated_knowledge/qtable/qtable_1_20181202_064319.csv,1
/Users/takashi/Documents/knowledge/unrated_knowledge/qtable/qtable_1_20181202_064337.csv,0
/Users/takashi/Documents/knowledge/unrated_knowledge/qtable/qtable_1_20181202_064348.csv,6
/Users/takashi/Documents/knowledge/unrated_knowledge/qtable/qtable_1_20181202_064350.csv,3
/Users/takashi/Documents/knowledge/unrated_knowledge/qtable/qtable_1_20181202_064355.csv,3
/Users/takashi/Documents/knowledge/unrated_knowledge/qtable/qtable_1_20181202_064400.csv,5
/Users/takashi/Documents/knowledge/unrated_knowledge/qtable/qtable_1_20181202_064401.csv,4
/Users/takashi/Documents/knowledge/unrated_knowledge/qtable/qtable_1_20181202_064404.csv,2
/Users/takashi/Documents/knowledge/unrated_knowledge/qtable/qtable_1_20181202_064409.csv,0
/Users/takashi/Documents/knowledge/unrated_knowledge/qtable/qtable_1_20181202_064415.csv,5
/Users/takashi/Documents/knowledge/unrated_knowledge/qtable/qtable_1_20181202_064416.csv,1
/Users/takashi/Documents/knowledge/unrated_knowledge/qtable/qtable_1_20181202_064450.csv,6
/Users/takashi/Documents/knowledge/unrated_knowledge/qtable/qtable_1_20181202_064452.csv,7
/Users/takashi/Documents/knowledge/unrated_knowledge/qtable/qtable_1_20181202_064453.csv,2
/Users/takashi/Documents/knowledge/unrated_knowledge/qtable/qtable_1_20181202_064455.csv,6
/Users/takashi/Documents/knowledge/unrated_knowledge/qtable/qtable_1_20181202_064456.csv,7
/Users/takashi/Documents/knowledge/unrated_knowledge/qtable/qtable_1_20181202_064457.csv,4
/Users/takashi/Documents/knowledge/unrated_knowledge/qtable/qtable_1_20181202_064459.csv,4
/Users/takashi/Documents/knowledge/unrated_knowledge/qtable/qtable_1_20181202_064502.csv,1
/Users/takashi/Documents/knowledge/unrated_knowledge/qtable/qtable_1_20181202_064506.csv,2
/Users/takashi/Documents/knowledge/unrated_knowledge/qtable/qtable_1_20181202_064533.csv,4
/Users/takashi/Documents/knowledge/unrated_knowledge/qtable/qtable_1_20181202_064536.csv,2
/Users/takashi/Documents/knowledge/unrated_knowledge/qtable/qtable_1_20181202_064541.csv,2
/Users/takashi/Documents/knowledge/unrated_knowledge/qtable/qtable_1_20181202_064559.csv,7
/Users/takashi/Documents/knowledge/unrated_knowledge/qtable/qtable_1_20181202_064600.csv,4
/Users/takashi/Documents/knowledge/unrated_knowledge/qtable/qtable_1_20181202_064601.csv,0
/Users/takashi/Documents/knowledge/unrated_knowledge/qtable/qtable_1_20181202_064623.csv,7
/Users/takashi/Documents/knowledge/unrated_knowledge/qtable/qtable_1_20181202_064624.csv,2
/Users/takashi/Documents/knowledge/unrated_knowledge/qtable/qtable_1_20181202_064627.csv,4
/Users/takashi/Documents/knowledge/unrated_knowledge/qtable/qtable_1_20181202_064628.csv,6
/Users/takashi/Documents/knowledge/unrated_knowledge/qtable/qtable_1_20181202_064631.csv,1
/Users/takashi/Documents/knowledge/unrated_knowledge/qtable/qtable_1_20181202_064645.csv,0
/Users/takashi/Documents/knowledge/unrated_knowledge/qtable/qtable_1_20181202_064649.csv,7
/Users/takashi/Documents/knowledge/unrated_knowledge/qtable/qtable_1_20181202_064652.csv,5
/Users/takashi/Documents/knowledge/unrated_knowledge/qtable/qtable_1_20181202_064653.csv,5
/Users/takashi/Documents/knowledge/unrated_knowledge/qtable/qtable_1_20181202_064655.csv,7
/Users/takashi/Documents/knowledge/unrated_knowledge/qtable/qtable_1_20181202_064656.csv,7
/Users/takashi/Documents/knowledge/unrated_knowledge/qtable/qtable_1_20181202_064657.csv,7
/Users/takashi/Documents/knowledge/unrated_knowledge/qtable/qtable_1_20181202_064658.csv,5
/Users/takashi/Documents/knowledge/unrated_knowledge/qtable/qtable_1_20181202_064700.csv,1
/Users/takashi/Documents/knowledge/unrated_knowledge/qtable/qtable_1_20181202_064708.csv,1
/Users/takashi/Documents/knowledge/unrated_knowledge/qtable/qtable_1_20181202_064720.csv,7
/Users/takashi/Documents/knowledge/unrated_knowledge/qtable/qtable_1_20181202_064723.csv,1
/Users/takashi/Documents/knowledge/unrated_knowledge/qtable/qtable_1_20181202_064727.csv,2
/Users/takashi/Documents/knowledge/unrated_knowledge/qtable/qtable_1_20181202_064736.csv,1
/Users/takashi/Documents/knowledge/unrated_knowledge/qtable/qtable_1_20181202_064739.csv,0
/Users/takashi/Documents/knowledge/unrated_knowledge/qtable/qtable_1_20181202_064757.csv,1
/Users/takashi/Documents/knowledge/unrated_knowledge/qtable/qtable_1_20181202_064803.csv,6
/Users/takashi/Documents/knowledge/unrated_knowledge/qtable/qtable_1_20181202_064806.csv,7
/Users/takashi/Documents/knowledge/unrated_knowledge/qtable/qtable_1_20181202_064808.csv,2
/Users/takashi/Documents/knowledge/unrated_knowledge/qtable/qtable_1_20181202_064816.csv,3
/Users/takashi/Documents/knowledge/unrated_knowledge/qtable/qtable_1_20181202_064822.csv,6
/Users/takashi/Documents/knowledge/unrated_knowledge/qtable/qtable_1_20181202_064824.csv,3
/Users/takashi/Documents/knowledge/unrated_knowledge/qtable/qtable_1_20181202_064834.csv,0
/Users/takashi/Documents/knowledge/unrated_knowledge/qtable/qtable_1_20181202_064844.csv,3
/Users/takashi/Documents/knowledge/unrated_knowledge/qtable/qtable_1_20181202_064847.csv,5
/Users/takashi/Documents/knowledge/unrated_knowledge/qtable/qtable_1_20181202_064849.csv,4
/Users/takashi/Documents/knowledge/unrated_knowledge/qtable/qtable_1_20181202_064851.csv,3
/Users/takashi/Documents/knowledge/unrated_knowledge/qtable/qtable_1_20181202_064854.csv,3
/Users/takashi/Documents/knowledge/unrated_knowledge/qtable/qtable_1_20181202_064901.csv,2
/Users/takashi/Documents/knowledge/unrated_knowledge/qtable/qtable_1_20181202_064905.csv,0
/Users/takashi/Documents/knowledge/unrated_knowledge/qtable/qtable_1_20181202_064906.csv,2
/Users/takashi/Documents/knowledge/unrated_knowledge/qtable/qtable_1_20181202_064940.csv,5
/Users/takashi/Documents/knowledge/unrated_knowledge/qtable/qtable_1_20181202_064941.csv,2
/Users/takashi/Documents/knowledge/unrated_knowledge/qtable/qtable_1_20181202_064948.csv,6
/Users/takashi/Documents/knowledge/unrated_knowledge/qtable/qtable_1_20181202_064950.csv,5
/Users/takashi/Documents/knowledge/unrated_knowledge/qtable/qtable_1_20181202_064952.csv,1
/Users/takashi/Documents/knowledge/unrated_knowledge/qtable/qtable_1_20181202_064956.csv,3
/Users/takashi/Documents/knowledge/unrated_knowledge/qtable/qtable_1_20181202_065010.csv,3
/Users/takashi/Documents/knowledge/unrated_knowledge/qtable/qtable_1_20181202_065015.csv,6
/Users/takashi/Documents/knowledge/unrated_knowledge/qtable/qtable_1_20181202_065017.csv,3
/Users/takashi/Documents/knowledge/unrated_knowledge/qtable/qtable_1_20181202_065024.csv,3
/Users/takashi/Documents/knowledge/unrated_knowledge/qtable/qtable_1_20181202_065032.csv,3
/Users/takashi/Documents/knowledge/unrated_knowledge/qtable/qtable_1_20181202_065043.csv,1
/Users/takashi/Documents/knowledge/unrated_knowledge/qtable/qtable_1_20181202_065047.csv,1
/Users/takashi/Documents/knowledge/unrated_knowledge/qtable/qtable_1_20181202_065050.csv,6
/Users/takashi/Documents/knowledge/unrated_knowledge/qtable/qtable_1_20181202_065054.csv,3
/Users/takashi/Documents/knowledge/unrated_knowledge/qtable/qtable_1_20181202_065101.csv,6
/Users/takashi/Documents/knowledge/unrated_knowledge/qtable/qtable_1_20181202_065103.csv,5
/Users/takashi/Documents/knowledge/unrated_knowledge/qtable/qtable_1_20181202_065104.csv,2
/Users/takashi/Documents/knowledge/unrated_knowledge/qtable/qtable_1_20181202_065112.csv,7
/Users/takashi/Documents/knowledge/unrated_knowledge/qtable/qtable_1_20181202_065113.csv,7
/Users/takashi/Documents/knowledge/unrated_knowledge/qtable/qtable_1_20181202_065114.csv,6
/Users/takashi/Documents/knowledge/unrated_knowledge/qtable/qtable_1_20181202_065115.csv,2
/Users/takashi/Documents/knowledge/unrated_knowledge/qtable/qtable_1_20181202_065119.csv,4
/Users/takashi/Documents/knowledge/unrated_knowledge/qtable/qtable_1_20181202_065120.csv,4
/Users/takashi/Documents/knowledge/unrated_knowledge/qtable/qtable_1_20181202_065123.csv,7
/Users/takashi/Documents/knowledge/unrated_knowledge/qtable/qtable_1_20181202_065124.csv,6
/Users/takashi/Documents/knowledge/unrated_knowledge/qtable/qtable_1_20181202_065125.csv,1
/Users/takashi/Documents/knowledge/unrated_knowledge/qtable/qtable_1_20181202_065127.csv,7
/Users/takashi/Documents/knowledge/unrated_knowledge/qtable/qtable_1_20181202_065129.csv,1
/Users/takashi/Documents/knowledge/unrated_knowledge/qtable/qtable_1_20181202_065139.csv,2
/Users/takashi/Documents/knowledge/unrated_knowledge/qtable/qtable_1_20181202_065143.csv,6
/Users/takashi/Documents/knowledge/unrated_knowledge/qtable/qtable_1_20181202_065144.csv,5
/Users/takashi/Documents/knowledge/unrated_knowledge/qtable/qtable_1_20181202_065145.csv,2
/Users/takashi/Documents/knowledge/unrated_knowledge/qtable/qtable_1_20181202_065156.csv,7
/Users/takashi/Documents/knowledge/unrated_knowledge/qtable/qtable_1_20181202_065157.csv,2
/Users/takashi/Documents/knowledge/unrated_knowledge/qtable/qtable_1_20181202_065201.csv,1
/Users/takashi/Documents/knowledge/unrated_knowledge/qtable/qtable_1_20181202_065202.csv,4
/Users/takashi/Documents/knowledge/unrated_knowledge/qtable/qtable_1_20181202_065208.csv,2
/Users/takashi/Documents/knowledge/unrated_knowledge/qtable/qtable_1_20181202_065212.csv,3
/Users/takashi/Documents/knowledge/unrated_knowledge/qtable/qtable_1_20181202_065252.csv,5
/Users/takashi/Documents/knowledge/unrated_knowledge/qtable/qtable_1_20181202_065253.csv,0
/Users/takashi/Documents/knowledge/unrated_knowledge/qtable/qtable_1_20181202_065300.csv,6
/Users/takashi/Documents/knowledge/unrated_knowledge/qtable/qtable_1_20181202_065303.csv,5
/Users/takashi/Documents/knowledge/unrated_knowledge/qtable/qtable_1_20181202_065304.csv,2
/Users/takashi/Documents/knowledge/unrated_knowledge/qtable/qtable_1_20181202_065311.csv,1
/Users/takashi/Documents/knowledge/unrated_knowledge/qtable/qtable_1_20181202_065317.csv,5
/Users/takashi/Documents/knowledge/unrated_knowledge/qtable/qtable_1_20181202_065425.csv,7
/Users/takashi/Documents/knowledge/unrated_knowledge/qtable/qtable_1_20181202_065428.csv,1
/Users/takashi/Documents/knowledge/unrated_knowledge/qtable/qtable_1_20181202_065454.csv,7
/Users/takashi/Documents/knowledge/unrated_knowledge/qtable/qtable_1_20181202_065456.csv,0
/Users/takashi/Documents/knowledge/unrated_knowledge/qtable/qtable_1_20181202_065506.csv,6
/Users/takashi/Documents/knowledge/unrated_knowledge/qtable/qtable_1_20181202_065507.csv,0
/Users/takashi/Documents/knowledge/unrated_knowledge/qtable/qtable_1_20181202_065521.csv,1
/Users/takashi/Documents/knowledge/unrated_knowledge/qtable/qtable_1_20181202_065523.csv,0
/Users/takashi/Documents/knowledge/unrated_knowledge/qtable/qtable_1_20181202_065528.csv,2
/Users/takashi/Documents/knowledge/unrated_knowledge/qtable/qtable_1_20181202_065544.csv,3
/Users/takashi/Documents/knowledge/unrated_knowledge/qtable/qtable_1_20181202_065555.csv,7
/Users/takashi/Documents/knowledge/unrated_knowledge/qtable/qtable_1_20181202_065556.csv,4
/Users/takashi/Documents/knowledge/unrated_knowledge/qtable/qtable_1_20181202_065557.csv,1
/Users/takashi/Documents/knowledge/unrated_knowledge/qtable/qtable_1_20181202_065602.csv,6
/Users/takashi/Documents/knowledge/unrated_knowledge/qtable/qtable_1_20181202_065603.csv,2
/Users/takashi/Documents/knowledge/unrated_knowledge/qtable/qtable_1_20181202_065607.csv,2
/Users/takashi/Documents/knowledge/unrated_knowledge/qtable/qtable_1_20181202_065610.csv,4
/Users/takashi/Documents/knowledge/unrated_knowledge/qtable/qtable_1_20181202_065611.csv,7
/Users/takashi/Documents/knowledge/unrated_knowledge/qtable/qtable_1_20181202_065612.csv,1
/Users/takashi/Documents/knowledge/unrated_knowledge/qtable/qtable_1_20181202_065617.csv,5
/Users/takashi/Documents/knowledge/unrated_knowledge/qtable/qtable_1_20181202_065618.csv,1
/Users/takashi/Documents/knowledge/unrated_knowledge/qtable/qtable_1_20181202_065623.csv,2
/Users/takashi/Documents/knowledge/unrated_knowledge/qtable/qtable_1_20181202_065627.csv,5
/Users/takashi/Documents/knowledge/unrated_knowledge/qtable/qtable_1_20181202_065628.csv,2
/Users/takashi/Documents/knowledge/unrated_knowledge/qtable/qtable_1_20181202_065637.csv,0
/Users/takashi/Documents/knowledge/unrated_knowledge/qtable/qtable_1_20181202_065644.csv,0
/Users/takashi/Documents/knowledge/unrated_knowledge/qtable/qtable_1_20181202_065715.csv,7
/Users/takashi/Documents/knowledge/unrated_knowledge/qtable/qtable_1_20181202_065716.csv,2
/Users/takashi/Documents/knowledge/unrated_knowledge/qtable/qtable_1_20181202_065721.csv,4
/Users/takashi/Documents/knowledge/unrated_knowledge/qtable/qtable_1_20181202_065722.csv,2
/Users/takashi/Documents/knowledge/unrated_knowledge/qtable/qtable_1_20181202_065729.csv,2
/Users/takashi/Documents/knowledge/unrated_knowledge/qtable/qtable_1_20181202_065736.csv,4
/Users/takashi/Documents/knowledge/unrated_knowledge/qtable/qtable_1_20181202_065737.csv,2
/Users/takashi/Documents/knowledge/unrated_knowledge/qtable/qtable_1_20181202_065743.csv,4
/Users/takashi/Documents/knowledge/unrated_knowledge/qtable/qtable_1_20181202_065745.csv,3
/Users/takashi/Documents/knowledge/unrated_knowledge/qtable/qtable_1_20181202_065750.csv,6
/Users/takashi/Documents/knowledge/unrated_knowledge/qtable/qtable_1_20181202_065751.csv,6
/Users/takashi/Documents/knowledge/unrated_knowledge/qtable/qtable_1_20181202_065752.csv,4
/Users/takashi/Documents/knowledge/unrated_knowledge/qtable/qtable_1_20181202_065753.csv,4
/Users/takashi/Documents/knowledge/unrated_knowledge/qtable/qtable_1_20181202_065756.csv,6
/Users/takashi/Documents/knowledge/unrated_knowledge/qtable/qtable_1_20181202_065758.csv,1
/Users/takashi/Documents/knowledge/unrated_knowledge/qtable/qtable_1_20181202_065804.csv,0
/Users/takashi/Documents/knowledge/unrated_knowledge/qtable/qtable_1_20181202_065816.csv,7
/Users/takashi/Documents/knowledge/unrated_knowledge/qtable/qtable_1_20181202_065817.csv,2
/Users/takashi/Documents/knowledge/unrated_knowledge/qtable/qtable_1_20181202_065821.csv,0
/Users/takashi/Documents/knowledge/unrated_knowledge/qtable/qtable_1_20181202_065829.csv,3
/Users/takashi/Documents/knowledge/unrated_knowledge/qtable/qtable_1_20181202_065837.csv,6
/Users/takashi/Documents/knowledge/unrated_knowledge/qtable/qtable_1_20181202_065838.csv,6
/Users/takashi/Documents/knowledge/unrated_knowledge/qtable/qtable_1_20181202_065839.csv,2
/Users/takashi/Documents/knowledge/unrated_knowledge/qtable/qtable_1_20181202_065900.csv,4
/Users/takashi/Documents/knowledge/unrated_knowledge/qtable/qtable_1_20181202_065901.csv,1
/Users/takashi/Documents/knowledge/unrated_knowledge/qtable/qtable_1_20181202_065913.csv,3
/Users/takashi/Documents/knowledge/unrated_knowledge/qtable/qtable_1_20181202_065918.csv,5
/Users/takashi/Documents/knowledge/unrated_knowledge/qtable/qtable_1_20181202_065920.csv,1
/Users/takashi/Documents/knowledge/unrated_knowledge/qtable/qtable_1_20181202_065930.csv,7
/Users/takashi/Documents/knowledge/unrated_knowledge/qtable/qtable_1_20181202_065933.csv,3
/Users/takashi/Documents/knowledge/unrated_knowledge/qtable/qtable_1_20181202_065938.csv,7
/Users/takashi/Documents/knowledge/unrated_knowledge/qtable/qtable_1_20181202_065939.csv,4
/Users/takashi/Documents/knowledge/unrated_knowledge/qtable/qtable_1_20181202_065941.csv,7
/Users/takashi/Documents/knowledge/unrated_knowledge/qtable/qtable_1_20181202_065944.csv,4
/Users/takashi/Documents/knowledge/unrated_knowledge/qtable/qtable_1_20181202_065947.csv,0
/Users/takashi/Documents/knowledge/unrated_knowledge/qtable/qtable_1_20181202_065950.csv,3
/Users/takashi/Documents/knowledge/unrated_knowledge/qtable/qtable_1_20181202_065956.csv,3
/Users/takashi/Documents/knowledge/unrated_knowledge/qtable/qtable_1_20181202_070005.csv,0
/Users/takashi/Documents/knowledge/unrated_knowledge/qtable/qtable_1_20181202_070008.csv,0
/Users/takashi/Documents/knowledge/unrated_knowledge/qtable/qtable_1_20181202_070021.csv,1
/Users/takashi/Documents/knowledge/unrated_knowledge/qtable/qtable_1_20181202_070029.csv,6
/Users/takashi/Documents/knowledge/unrated_knowledge/qtable/qtable_1_20181202_070030.csv,3
/Users/takashi/Documents/knowledge/unrated_knowledge/qtable/qtable_1_20181202_070036.csv,1
/Users/takashi/Documents/knowledge/unrated_knowledge/qtable/qtable_1_20181202_070044.csv,1
/Users/takashi/Documents/knowledge/unrated_knowledge/qtable/qtable_1_20181202_070055.csv,6
/Users/takashi/Documents/knowledge/unrated_knowledge/qtable/qtable_1_20181202_070057.csv,3
/Users/takashi/Documents/knowledge/unrated_knowledge/qtable/qtable_1_20181202_070109.csv,3
/Users/takashi/Documents/knowledge/unrated_knowledge/qtable/qtable_1_20181202_070115.csv,6
/Users/takashi/Documents/knowledge/unrated_knowledge/qtable/qtable_1_20181202_070118.csv,7
/Users/takashi/Documents/knowledge/unrated_knowledge/qtable/qtable_1_20181202_070119.csv,5
/Users/takashi/Documents/knowledge/unrated_knowledge/qtable/qtable_1_20181202_070120.csv,4
/Users/takashi/Documents/knowledge/unrated_knowledge/qtable/qtable_1_20181202_070122.csv,5
/Users/takashi/Documents/knowledge/unrated_knowledge/qtable/qtable_1_20181202_070125.csv,7
/Users/takashi/Documents/knowledge/unrated_knowledge/qtable/qtable_1_20181202_070126.csv,1
/Users/takashi/Documents/knowledge/unrated_knowledge/qtable/qtable_1_20181202_070129.csv,4
/Users/takashi/Documents/knowledge/unrated_knowledge/qtable/qtable_1_20181202_070130.csv,2
/Users/takashi/Documents/knowledge/unrated_knowledge/qtable/qtable_1_20181202_070132.csv,6
/Users/takashi/Documents/knowledge/unrated_knowledge/qtable/qtable_1_20181202_070134.csv,6
/Users/takashi/Documents/knowledge/unrated_knowledge/qtable/qtable_1_20181202_070135.csv,4
/Users/takashi/Documents/knowledge/unrated_knowledge/qtable/qtable_1_20181202_070138.csv,5
/Users/takashi/Documents/knowledge/unrated_knowledge/qtable/qtable_1_20181202_070140.csv,6
/Users/takashi/Documents/knowledge/unrated_knowledge/qtable/qtable_1_20181202_070145.csv,0
/Users/takashi/Documents/knowledge/unrated_knowledge/qtable/qtable_1_20181202_070150.csv,3
/Users/takashi/Documents/knowledge/unrated_knowledge/qtable/qtable_1_20181202_070152.csv,7
/Users/takashi/Documents/knowledge/unrated_knowledge/qtable/qtable_1_20181202_070153.csv,2
/Users/takashi/Documents/knowledge/unrated_knowledge/qtable/qtable_1_20181202_070156.csv,1
/Users/takashi/Documents/knowledge/unrated_knowledge/qtable/qtable_1_20181202_070158.csv,7
/Users/takashi/Documents/knowledge/unrated_knowledge/qtable/qtable_1_20181202_070159.csv,0
/Users/takashi/Documents/knowledge/unrated_knowledge/qtable/qtable_1_20181202_070203.csv,6
/Users/takashi/Documents/knowledge/unrated_knowledge/qtable/qtable_1_20181202_070204.csv,5
/Users/takashi/Documents/knowledge/unrated_knowledge/qtable/qtable_1_20181202_070207.csv,4
/Users/takashi/Documents/knowledge/unrated_knowledge/qtable/qtable_1_20181202_070209.csv,5
/Users/takashi/Documents/knowledge/unrated_knowledge/qtable/qtable_1_20181202_070212.csv,4
/Users/takashi/Documents/knowledge/unrated_knowledge/qtable/qtable_1_20181202_070213.csv,4
/Users/takashi/Documents/knowledge/unrated_knowledge/qtable/qtable_1_20181202_070214.csv,6
/Users/takashi/Documents/knowledge/unrated_knowledge/qtable/qtable_1_20181202_070215.csv,5
/Users/takashi/Documents/knowledge/unrated_knowledge/qtable/qtable_1_20181202_070221.csv,0
/Users/takashi/Documents/knowledge/unrated_knowledge/qtable/qtable_1_20181202_070225.csv,6
/Users/takashi/Documents/knowledge/unrated_knowledge/qtable/qtable_1_20181202_070228.csv,6
/Users/takashi/Documents/knowledge/unrated_knowledge/qtable/qtable_1_20181202_070230.csv,3
/Users/takashi/Documents/knowledge/unrated_knowledge/qtable/qtable_1_20181202_070239.csv,2
/Users/takashi/Documents/knowledge/unrated_knowledge/qtable/qtable_1_20181202_070300.csv,6
/Users/takashi/Documents/knowledge/unrated_knowledge/qtable/qtable_1_20181202_070303.csv,3
/Users/takashi/Documents/knowledge/unrated_knowledge/qtable/qtable_1_20181202_070309.csv,4
/Users/takashi/Documents/knowledge/unrated_knowledge/qtable/qtable_1_20181202_070310.csv,0
/Users/takashi/Documents/knowledge/unrated_knowledge/qtable/qtable_1_20181202_070316.csv,3
/Users/takashi/Documents/knowledge/unrated_knowledge/qtable/qtable_1_20181202_070329.csv,0
/Users/takashi/Documents/knowledge/unrated_knowledge/qtable/qtable_1_20181202_070334.csv,2
/Users/takashi/Documents/knowledge/unrated_knowledge/qtable/qtable_1_20181202_070336.csv,4
/Users/takashi/Documents/knowledge/unrated_knowledge/qtable/qtable_1_20181202_070337.csv,6
/Users/takashi/Documents/knowledge/unrated_knowledge/qtable/qtable_1_20181202_070341.csv,2
/Users/takashi/Documents/knowledge/unrated_knowledge/qtable/qtable_1_20181202_070346.csv,5
/Users/takashi/Documents/knowledge/unrated_knowledge/qtable/qtable_1_20181202_070348.csv,5
/Users/takashi/Documents/knowledge/unrated_knowledge/qtable/qtable_1_20181202_070351.csv,7
/Users/takashi/Documents/knowledge/unrated_knowledge/qtable/qtable_1_20181202_070352.csv,7
/Users/takashi/Documents/knowledge/unrated_knowledge/qtable/qtable_1_20181202_070353.csv,1
/Users/takashi/Documents/knowledge/unrated_knowledge/qtable/qtable_1_20181202_070356.csv,1
/Users/takashi/Documents/knowledge/unrated_knowledge/qtable/qtable_1_20181202_070423.csv,1
/Users/takashi/Documents/knowledge/unrated_knowledge/qtable/qtable_1_20181202_070431.csv,1
/Users/takashi/Documents/knowledge/unrated_knowledge/qtable/qtable_1_20181202_070433.csv,2
/Users/takashi/Documents/knowledge/unrated_knowledge/qtable/qtable_1_20181202_070438.csv,3
/Users/takashi/Documents/knowledge/unrated_knowledge/qtable/qtable_1_20181202_070442.csv,3
/Users/takashi/Documents/knowledge/unrated_knowledge/qtable/qtable_1_20181202_070502.csv,6
/Users/takashi/Documents/knowledge/unrated_knowledge/qtable/qtable_1_20181202_070503.csv,7
/Users/takashi/Documents/knowledge/unrated_knowledge/qtable/qtable_1_20181202_070506.csv,1
/Users/takashi/Documents/knowledge/unrated_knowledge/qtable/qtable_1_20181202_070521.csv,3
/Users/takashi/Documents/knowledge/unrated_knowledge/qtable/qtable_1_20181202_070533.csv,7
/Users/takashi/Documents/knowledge/unrated_knowledge/qtable/qtable_1_20181202_070537.csv,2
/Users/takashi/Documents/knowledge/unrated_knowledge/qtable/qtable_1_20181202_070541.csv,1
/Users/takashi/Documents/knowledge/unrated_knowledge/qtable/qtable_1_20181202_070543.csv,6
/Users/takashi/Documents/knowledge/unrated_knowledge/qtable/qtable_1_20181202_070544.csv,2
/Users/takashi/Documents/knowledge/unrated_knowledge/qtable/qtable_1_20181202_070555.csv,0
/Users/takashi/Documents/knowledge/unrated_knowledge/qtable/qtable_1_20181202_070612.csv,3
/Users/takashi/Documents/knowledge/unrated_knowledge/qtable/qtable_1_20181202_070617.csv,6
/Users/takashi/Documents/knowledge/unrated_knowledge/qtable/qtable_1_20181202_070618.csv,1
/Users/takashi/Documents/knowledge/unrated_knowledge/qtable/qtable_1_20181202_070622.csv,0
/Users/takashi/Documents/knowledge/unrated_knowledge/qtable/qtable_1_20181202_070629.csv,1
/Users/takashi/Documents/knowledge/unrated_knowledge/qtable/qtable_1_20181202_070633.csv,7
/Users/takashi/Documents/knowledge/unrated_knowledge/qtable/qtable_1_20181202_070637.csv,4
/Users/takashi/Documents/knowledge/unrated_knowledge/qtable/qtable_1_20181202_070639.csv,1
/Users/takashi/Documents/knowledge/unrated_knowledge/qtable/qtable_1_20181202_070649.csv,5
/Users/takashi/Documents/knowledge/unrated_knowledge/qtable/qtable_1_20181202_070654.csv,6
/Users/takashi/Documents/knowledge/unrated_knowledge/qtable/qtable_1_20181202_070655.csv,4
/Users/takashi/Documents/knowledge/unrated_knowledge/qtable/qtable_1_20181202_070656.csv,3
/Users/takashi/Documents/knowledge/unrated_knowledge/qtable/qtable_1_20181202_070703.csv,2
/Users/takashi/Documents/knowledge/unrated_knowledge/qtable/qtable_1_20181202_070711.csv,3
/Users/takashi/Documents/knowledge/unrated_knowledge/qtable/qtable_1_20181202_070714.csv,5
/Users/takashi/Documents/knowledge/unrated_knowledge/qtable/qtable_1_20181202_070715.csv,1
/Users/takashi/Documents/knowledge/unrated_knowledge/qtable/qtable_1_20181202_070722.csv,6
/Users/takashi/Documents/knowledge/unrated_knowledge/qtable/qtable_1_20181202_070723.csv,0
/Users/takashi/Documents/knowledge/unrated_knowledge/qtable/qtable_1_20181202_070727.csv,5
/Users/takashi/Documents/knowledge/unrated_knowledge/qtable/qtable_1_20181202_070728.csv,2
/Users/takashi/Documents/knowledge/unrated_knowledge/qtable/qtable_1_20181202_070736.csv,1
/Users/takashi/Documents/knowledge/unrated_knowledge/qtable/qtable_1_20181202_070739.csv,7
/Users/takashi/Documents/knowledge/unrated_knowledge/qtable/qtable_1_20181202_070741.csv,1
/Users/takashi/Documents/knowledge/unrated_knowledge/qtable/qtable_1_20181202_070744.csv,5
/Users/takashi/Documents/knowledge/unrated_knowledge/qtable/qtable_1_20181202_070745.csv,1
/Users/takashi/Documents/knowledge/unrated_knowledge/qtable/qtable_1_20181202_070748.csv,6
/Users/takashi/Documents/knowledge/unrated_knowledge/qtable/qtable_1_20181202_070750.csv,7
/Users/takashi/Documents/knowledge/unrated_knowledge/qtable/qtable_1_20181202_070752.csv,0
/Users/takashi/Documents/knowledge/unrated_knowledge/qtable/qtable_1_20181202_070753.csv,6
/Users/takashi/Documents/knowledge/unrated_knowledge/qtable/qtable_1_20181202_070755.csv,4
/Users/takashi/Documents/knowledge/unrated_knowledge/qtable/qtable_1_20181202_070756.csv,1
/Users/takashi/Documents/knowledge/unrated_knowledge/qtable/qtable_1_20181202_070802.csv,6
/Users/takashi/Documents/knowledge/unrated_knowledge/qtable/qtable_1_20181202_070803.csv,5
/Users/takashi/Documents/knowledge/unrated_knowledge/qtable/qtable_1_20181202_070805.csv,6
/Users/takashi/Documents/knowledge/unrated_knowledge/qtable/qtable_1_20181202_070806.csv,7
/Users/takashi/Documents/knowledge/unrated_knowledge/qtable/qtable_1_20181202_070807.csv,1
/Users/takashi/Documents/knowledge/unrated_knowledge/qtable/qtable_1_20181202_070814.csv,7
/Users/takashi/Documents/knowledge/unrated_knowledge/qtable/qtable_1_20181202_070815.csv,0
/Users/takashi/Documents/knowledge/unrated_knowledge/qtable/qtable_1_20181202_070822.csv,6
/Users/takashi/Documents/knowledge/unrated_knowledge/qtable/qtable_1_20181202_070824.csv,5
/Users/takashi/Documents/knowledge/unrated_knowledge/qtable/qtable_1_20181202_070826.csv,1
/Users/takashi/Documents/knowledge/unrated_knowledge/qtable/qtable_1_20181202_070833.csv,2
/Users/takashi/Documents/knowledge/unrated_knowledge/qtable/qtable_1_20181202_070840.csv,2
/Users/takashi/Documents/knowledge/unrated_knowledge/qtable/qtable_1_20181202_070844.csv,7
/Users/takashi/Documents/knowledge/unrated_knowledge/qtable/qtable_1_20181202_070846.csv,0
/Users/takashi/Documents/knowledge/unrated_knowledge/qtable/qtable_1_20181202_070853.csv,0
/Users/takashi/Documents/knowledge/unrated_knowledge/qtable/qtable_1_20181202_070912.csv,3
/Users/takashi/Documents/knowledge/unrated_knowledge/qtable/qtable_1_20181202_070917.csv,4
/Users/takashi/Documents/knowledge/unrated_knowledge/qtable/qtable_1_20181202_070918.csv,2
/Users/takashi/Documents/knowledge/unrated_knowledge/qtable/qtable_1_20181202_070941.csv,2
/Users/takashi/Documents/knowledge/unrated_knowledge/qtable/qtable_1_20181202_070955.csv,0
/Users/takashi/Documents/knowledge/unrated_knowledge/qtable/qtable_1_20181202_071002.csv,4
/Users/takashi/Documents/knowledge/unrated_knowledge/qtable/qtable_1_20181202_071003.csv,1
/Users/takashi/Documents/knowledge/unrated_knowledge/qtable/qtable_1_20181202_071014.csv,4
/Users/takashi/Documents/knowledge/unrated_knowledge/qtable/qtable_1_20181202_071015.csv,4
/Users/takashi/Documents/knowledge/unrated_knowledge/qtable/qtable_1_20181202_071016.csv,7
/Users/takashi/Documents/knowledge/unrated_knowledge/qtable/qtable_1_20181202_071018.csv,2
/Users/takashi/Documents/knowledge/unrated_knowledge/qtable/qtable_1_20181202_071022.csv,7
/Users/takashi/Documents/knowledge/unrated_knowledge/qtable/qtable_1_20181202_071023.csv,5
/Users/takashi/Documents/knowledge/unrated_knowledge/qtable/qtable_1_20181202_071025.csv,0
/Users/takashi/Documents/knowledge/unrated_knowledge/qtable/qtable_1_20181202_071031.csv,5
/Users/takashi/Documents/knowledge/unrated_knowledge/qtable/qtable_1_20181202_071033.csv,3
/Users/takashi/Documents/knowledge/unrated_knowledge/qtable/qtable_1_20181202_071050.csv,2
/Users/takashi/Documents/knowledge/unrated_knowledge/qtable/qtable_1_20181202_071109.csv,7
/Users/takashi/Documents/knowledge/unrated_knowledge/qtable/qtable_1_20181202_071111.csv,3
/Users/takashi/Documents/knowledge/unrated_knowledge/qtable/qtable_1_20181202_071118.csv,6
/Users/takashi/Documents/knowledge/unrated_knowledge/qtable/qtable_1_20181202_071119.csv,4
/Users/takashi/Documents/knowledge/unrated_knowledge/qtable/qtable_1_20181202_071121.csv,3
/Users/takashi/Documents/knowledge/unrated_knowledge/qtable/qtable_1_20181202_071139.csv,1
/Users/takashi/Documents/knowledge/unrated_knowledge/qtable/qtable_1_20181202_071149.csv,4
/Users/takashi/Documents/knowledge/unrated_knowledge/qtable/qtable_1_20181202_071152.csv,7
/Users/takashi/Documents/knowledge/unrated_knowledge/qtable/qtable_1_20181202_071153.csv,7
/Users/takashi/Documents/knowledge/unrated_knowledge/qtable/qtable_1_20181202_071200.csv,0
/Users/takashi/Documents/knowledge/unrated_knowledge/qtable/qtable_1_20181202_071207.csv,6
/Users/takashi/Documents/knowledge/unrated_knowledge/qtable/qtable_1_20181202_071208.csv,0
/Users/takashi/Documents/knowledge/unrated_knowledge/qtable/qtable_1_20181202_071210.csv,0
/Users/takashi/Documents/knowledge/unrated_knowledge/qtable/qtable_1_20181202_071228.csv,7
/Users/takashi/Documents/knowledge/unrated_knowledge/qtable/qtable_1_20181202_071231.csv,7
/Users/takashi/Documents/knowledge/unrated_knowledge/qtable/qtable_1_20181202_071232.csv,0
/Users/takashi/Documents/knowledge/unrated_knowledge/qtable/qtable_1_20181202_071301.csv,0
/Users/takashi/Documents/knowledge/unrated_knowledge/qtable/qtable_1_20181202_071307.csv,7
/Users/takashi/Documents/knowledge/unrated_knowledge/qtable/qtable_1_20181202_071309.csv,4
/Users/takashi/Documents/knowledge/unrated_knowledge/qtable/qtable_1_20181202_071310.csv,7
/Users/takashi/Documents/knowledge/unrated_knowledge/qtable/qtable_1_20181202_071311.csv,4
/Users/takashi/Documents/knowledge/unrated_knowledge/qtable/qtable_1_20181202_071316.csv,7
/Users/takashi/Documents/knowledge/unrated_knowledge/qtable/qtable_1_20181202_071318.csv,5
/Users/takashi/Documents/knowledge/unrated_knowledge/qtable/qtable_1_20181202_071321.csv,2
/Users/takashi/Documents/knowledge/unrated_knowledge/qtable/qtable_1_20181202_071328.csv,7
/Users/takashi/Documents/knowledge/unrated_knowledge/qtable/qtable_1_20181202_071329.csv,7
/Users/takashi/Documents/knowledge/unrated_knowledge/qtable/qtable_1_20181202_071330.csv,3
/Users/takashi/Documents/knowledge/unrated_knowledge/qtable/qtable_1_20181202_071343.csv,2
/Users/takashi/Documents/knowledge/unrated_knowledge/qtable/qtable_1_20181202_071349.csv,7
/Users/takashi/Documents/knowledge/unrated_knowledge/qtable/qtable_1_20181202_071350.csv,2
/Users/takashi/Documents/knowledge/unrated_knowledge/qtable/qtable_1_20181202_071352.csv,0
/Users/takashi/Documents/knowledge/unrated_knowledge/qtable/qtable_1_20181202_071412.csv,3
/Users/takashi/Documents/knowledge/unrated_knowledge/qtable/qtable_1_20181202_071423.csv,0
/Users/takashi/Documents/knowledge/unrated_knowledge/qtable/qtable_1_20181202_071430.csv,0
/Users/takashi/Documents/knowledge/unrated_knowledge/qtable/qtable_1_20181202_071436.csv,3
/Users/takashi/Documents/knowledge/unrated_knowledge/qtable/qtable_1_20181202_071441.csv,2
/Users/takashi/Documents/knowledge/unrated_knowledge/qtable/qtable_1_20181202_071449.csv,5
/Users/takashi/Documents/knowledge/unrated_knowledge/qtable/qtable_1_20181202_071450.csv,7
/Users/takashi/Documents/knowledge/unrated_knowledge/qtable/qtable_1_20181202_071453.csv,0
/Users/takashi/Documents/knowledge/unrated_knowledge/qtable/qtable_1_20181202_071500.csv,6
/Users/takashi/Documents/knowledge/unrated_knowledge/qtable/qtable_1_20181202_071501.csv,7
/Users/takashi/Documents/knowledge/unrated_knowledge/qtable/qtable_1_20181202_071505.csv,1
/Users/takashi/Documents/knowledge/unrated_knowledge/qtable/qtable_1_20181202_071508.csv,7
/Users/takashi/Documents/knowledge/unrated_knowledge/qtable/qtable_1_20181202_071509.csv,0
/Users/takashi/Documents/knowledge/unrated_knowledge/qtable/qtable_1_20181202_071513.csv,1
/Users/takashi/Documents/knowledge/unrated_knowledge/qtable/qtable_1_20181202_071518.csv,0
/Users/takashi/Documents/knowledge/unrated_knowledge/qtable/qtable_1_20181202_071523.csv,0
/Users/takashi/Documents/knowledge/unrated_knowledge/qtable/qtable_1_20181202_071529.csv,7
/Users/takashi/Documents/knowledge/unrated_knowledge/qtable/qtable_1_20181202_071532.csv,2
/Users/takashi/Documents/knowledge/unrated_knowledge/qtable/qtable_1_20181202_071535.csv,2
/Users/takashi/Documents/knowledge/unrated_knowledge/qtable/qtable_1_20181202_071543.csv,0
/Users/takashi/Documents/knowledge/unrated_knowledge/qtable/qtable_1_20181202_071548.csv,1
/Users/takashi/Documents/knowledge/unrated_knowledge/qtable/qtable_1_20181202_071557.csv,5
/Users/takashi/Documents/knowledge/unrated_knowledge/qtable/qtable_1_20181202_071601.csv,0
/Users/takashi/Documents/knowledge/unrated_knowledge/qtable/qtable_1_20181202_071616.csv,2
/Users/takashi/Documents/knowledge/unrated_knowledge/qtable/qtable_1_20181202_071623.csv,5
/Users/takashi/Documents/knowledge/unrated_knowledge/qtable/qtable_1_20181202_071625.csv,2
/Users/takashi/Documents/knowledge/unrated_knowledge/qtable/qtable_1_20181202_071637.csv,5
/Users/takashi/Documents/knowledge/unrated_knowledge/qtable/qtable_1_20181202_071638.csv,5
/Users/takashi/Documents/knowledge/unrated_knowledge/qtable/qtable_1_20181202_071639.csv,0
/Users/takashi/Documents/knowledge/unrated_knowledge/qtable/qtable_1_20181202_071650.csv,2
/Users/takashi/Documents/knowledge/unrated_knowledge/qtable/qtable_1_20181202_071653.csv,0
/Users/takashi/Documents/knowledge/unrated_knowledge/qtable/qtable_1_20181202_071656.csv,2
/Users/takashi/Documents/knowledge/unrated_knowledge/qtable/qtable_1_20181202_071708.csv,2
/Users/takashi/Documents/knowledge/unrated_knowledge/qtable/qtable_1_20181202_071711.csv,4
/Users/takashi/Documents/knowledge/unrated_knowledge/qtable/qtable_1_20181202_071713.csv,1
/Users/takashi/Documents/knowledge/unrated_knowledge/qtable/qtable_1_20181202_071719.csv,3
/Users/takashi/Documents/knowledge/unrated_knowledge/qtable/qtable_1_20181202_071723.csv,0
/Users/takashi/Documents/knowledge/unrated_knowledge/qtable/qtable_1_20181202_071727.csv,0
/Users/takashi/Documents/knowledge/unrated_knowledge/qtable/qtable_1_20181202_071738.csv,1
/Users/takashi/Documents/knowledge/unrated_knowledge/qtable/qtable_1_20181202_071748.csv,7
/Users/takashi/Documents/knowledge/unrated_knowledge/qtable/qtable_1_20181202_071750.csv,4
/Users/takashi/Documents/knowledge/unrated_knowledge/qtable/qtable_1_20181202_071756.csv,5
/Users/takashi/Documents/knowledge/unrated_knowledge/qtable/qtable_1_20181202_071758.csv,5
/Users/takashi/Documents/knowledge/unrated_knowledge/qtable/qtable_1_20181202_071759.csv,0
/Users/takashi/Documents/knowledge/unrated_knowledge/qtable/qtable_1_20181202_071804.csv,0
/Users/takashi/Documents/knowledge/unrated_knowledge/qtable/qtable_1_20181202_071813.csv,5
/Users/takashi/Documents/knowledge/unrated_knowledge/qtable/qtable_1_20181202_071815.csv,1
/Users/takashi/Documents/knowledge/unrated_knowledge/qtable/qtable_1_20181202_071817.csv,5
/Users/takashi/Documents/knowledge/unrated_knowledge/qtable/qtable_1_20181202_071818.csv,2
/Users/takashi/Documents/knowledge/unrated_knowledge/qtable/qtable_1_20181202_071822.csv,6
/Users/takashi/Documents/knowledge/unrated_knowledge/qtable/qtable_1_20181202_071823.csv,4
/Users/takashi/Documents/knowledge/unrated_knowledge/qtable/qtable_1_20181202_071824.csv,2
/Users/takashi/Documents/knowledge/unrated_knowledge/qtable/qtable_1_20181202_071834.csv,0
/Users/takashi/Documents/knowledge/unrated_knowledge/qtable/qtable_1_20181202_071842.csv,3
/Users/takashi/Documents/knowledge/unrated_knowledge/qtable/qtable_1_20181202_071848.csv,1
/Users/takashi/Documents/knowledge/unrated_knowledge/qtable/qtable_1_20181202_071852.csv,3
/Users/takashi/Documents/knowledge/unrated_knowledge/qtable/qtable_1_20181202_071857.csv,5
/Users/takashi/Documents/knowledge/unrated_knowledge/qtable/qtable_1_20181202_071858.csv,3
/Users/takashi/Documents/knowledge/unrated_knowledge/qtable/qtable_1_20181202_071904.csv,7
/Users/takashi/Documents/knowledge/unrated_knowledge/qtable/qtable_1_20181202_071908.csv,7
/Users/takashi/Documents/knowledge/unrated_knowledge/qtable/qtable_1_20181202_071909.csv,0
/Users/takashi/Documents/knowledge/unrated_knowledge/qtable/qtable_1_20181202_071921.csv,0
/Users/takashi/Documents/knowledge/unrated_knowledge/qtable/qtable_1_20181202_071926.csv,2
/Users/takashi/Documents/knowledge/unrated_knowledge/qtable/qtable_1_20181202_071931.csv,6
/Users/takashi/Documents/knowledge/unrated_knowledge/qtable/qtable_1_20181202_071933.csv,7
/Users/takashi/Documents/knowledge/unrated_knowledge/qtable/qtable_1_20181202_071934.csv,1
/Users/takashi/Documents/knowledge/unrated_knowledge/qtable/qtable_1_20181202_071941.csv,7
/Users/takashi/Documents/knowledge/unrated_knowledge/qtable/qtable_1_20181202_071944.csv,0
/Users/takashi/Documents/knowledge/unrated_knowledge/qtable/qtable_1_20181202_072002.csv,2
/Users/takashi/Documents/knowledge/unrated_knowledge/qtable/qtable_1_20181202_072006.csv,1
/Users/takashi/Documents/knowledge/unrated_knowledge/qtable/qtable_1_20181202_072027.csv,3
/Users/takashi/Documents/knowledge/unrated_knowledge/qtable/qtable_1_20181202_072041.csv,3
/Users/takashi/Documents/knowledge/unrated_knowledge/qtable/qtable_1_20181202_072101.csv,7
/Users/takashi/Documents/knowledge/unrated_knowledge/qtable/qtable_1_20181202_072104.csv,1
/Users/takashi/Documents/knowledge/unrated_knowledge/qtable/qtable_1_20181202_072117.csv,5
/Users/takashi/Documents/knowledge/unrated_knowledge/qtable/qtable_1_20181202_072120.csv,0
/Users/takashi/Documents/knowledge/unrated_knowledge/qtable/qtable_1_20181202_072123.csv,0
/Users/takashi/Documents/knowledge/unrated_knowledge/qtable/qtable_1_20181202_072135.csv,6
/Users/takashi/Documents/knowledge/unrated_knowledge/qtable/qtable_1_20181202_072138.csv,4
/Users/takashi/Documents/knowledge/unrated_knowledge/qtable/qtable_1_20181202_072142.csv,6
/Users/takashi/Documents/knowledge/unrated_knowledge/qtable/qtable_1_20181202_072145.csv,0
/Users/takashi/Documents/knowledge/unrated_knowledge/qtable/qtable_1_20181202_072151.csv,7
/Users/takashi/Documents/knowledge/unrated_knowledge/qtable/qtable_1_20181202_072153.csv,7
/Users/takashi/Documents/knowledge/unrated_knowledge/qtable/qtable_1_20181202_072155.csv,4
/Users/takashi/Documents/knowledge/unrated_knowledge/qtable/qtable_1_20181202_072159.csv,3
/Users/takashi/Documents/knowledge/unrated_knowledge/qtable/qtable_1_20181202_072211.csv,7
/Users/takashi/Documents/knowledge/unrated_knowledge/qtable/qtable_1_20181202_072212.csv,1
/Users/takashi/Documents/knowledge/unrated_knowledge/qtable/qtable_1_20181202_072214.csv,4
/Users/takashi/Documents/knowledge/unrated_knowledge/qtable/qtable_1_20181202_072216.csv,1
/Users/takashi/Documents/knowledge/unrated_knowledge/qtable/qtable_1_20181202_072227.csv,5
/Users/takashi/Documents/knowledge/unrated_knowledge/qtable/qtable_1_20181202_072228.csv,5
/Users/takashi/Documents/knowledge/unrated_knowledge/qtable/qtable_1_20181202_072231.csv,3
/Users/takashi/Documents/knowledge/unrated_knowledge/qtable/qtable_1_20181202_072251.csv,5
/Users/takashi/Documents/knowledge/unrated_knowledge/qtable/qtable_1_20181202_072252.csv,2
/Users/takashi/Documents/knowledge/unrated_knowledge/qtable/qtable_1_20181202_072300.csv,1
/Users/takashi/Documents/knowledge/unrated_knowledge/qtable/qtable_1_20181202_072305.csv,1
/Users/takashi/Documents/knowledge/unrated_knowledge/qtable/qtable_1_20181202_072312.csv,6
/Users/takashi/Documents/knowledge/unrated_knowledge/qtable/qtable_1_20181202_072313.csv,1
/Users/takashi/Documents/knowledge/unrated_knowledge/qtable/qtable_1_20181202_072316.csv,7
/Users/takashi/Documents/knowledge/unrated_knowledge/qtable/qtable_1_20181202_072318.csv,7
/Users/takashi/Documents/knowledge/unrated_knowledge/qtable/qtable_1_20181202_072321.csv,4
/Users/takashi/Documents/knowledge/unrated_knowledge/qtable/qtable_1_20181202_072322.csv,5
/Users/takashi/Documents/knowledge/unrated_knowledge/qtable/qtable_1_20181202_072323.csv,2
/Users/takashi/Documents/knowledge/unrated_knowledge/qtable/qtable_1_20181202_072327.csv,0
/Users/takashi/Documents/knowledge/unrated_knowledge/qtable/qtable_1_20181202_072336.csv,3
/Users/takashi/Documents/knowledge/unrated_knowledge/qtable/qtable_1_20181202_072341.csv,7
/Users/takashi/Documents/knowledge/unrated_knowledge/qtable/qtable_1_20181202_072345.csv,1
/Users/takashi/Documents/knowledge/unrated_knowledge/qtable/qtable_1_20181202_072349.csv,5
/Users/takashi/Documents/knowledge/unrated_knowledge/qtable/qtable_1_20181202_072350.csv,2
/Users/takashi/Documents/knowledge/unrated_knowledge/qtable/qtable_1_20181202_072356.csv,4
/Users/takashi/Documents/knowledge/unrated_knowledge/qtable/qtable_1_20181202_072359.csv,2
/Users/takashi/Documents/knowledge/unrated_knowledge/qtable/qtable_1_20181202_072412.csv,7
/Users/takashi/Documents/knowledge/unrated_knowledge/qtable/qtable_1_20181202_072414.csv,4
/Users/takashi/Documents/knowledge/unrated_knowledge/qtable/qtable_1_20181202_072418.csv,4
/Users/takashi/Documents/knowledge/unrated_knowledge/qtable/qtable_1_20181202_072419.csv,7
/Users/takashi/Documents/knowledge/unrated_knowledge/qtable/qtable_1_20181202_072420.csv,6
/Users/takashi/Documents/knowledge/unrated_knowledge/qtable/qtable_1_20181202_072421.csv,0
/Users/takashi/Documents/knowledge/unrated_knowledge/qtable/qtable_1_20181202_072432.csv,2
/Users/takashi/Documents/knowledge/unrated_knowledge/qtable/qtable_1_20181202_072435.csv,6
/Users/takashi/Documents/knowledge/unrated_knowledge/qtable/qtable_1_20181202_072436.csv,1
/Users/takashi/Documents/knowledge/unrated_knowledge/qtable/qtable_1_20181202_072442.csv,2
/Users/takashi/Documents/knowledge/unrated_knowledge/qtable/qtable_1_20181202_072455.csv,6
/Users/takashi/Documents/knowledge/unrated_knowledge/qtable/qtable_1_20181202_072456.csv,5
/Users/takashi/Documents/knowledge/unrated_knowledge/qtable/qtable_1_20181202_072457.csv,7
/Users/takashi/Documents/knowledge/unrated_knowledge/qtable/qtable_1_20181202_072458.csv,0
/Users/takashi/Documents/knowledge/unrated_knowledge/qtable/qtable_1_20181202_072510.csv,1
/Users/takashi/Documents/knowledge/unrated_knowledge/qtable/qtable_1_20181202_072514.csv,0
/Users/takashi/Documents/knowledge/unrated_knowledge/qtable/qtable_1_20181202_072521.csv,7
/Users/takashi/Documents/knowledge/unrated_knowledge/qtable/qtable_1_20181202_072522.csv,3
/Users/takashi/Documents/knowledge/unrated_knowledge/qtable/qtable_1_20181202_072527.csv,7
/Users/takashi/Documents/knowledge/unrated_knowledge/qtable/qtable_1_20181202_072530.csv,7
/Users/takashi/Documents/knowledge/unrated_knowledge/qtable/qtable_1_20181202_072531.csv,4
/Users/takashi/Documents/knowledge/unrated_knowledge/qtable/qtable_1_20181202_072532.csv,0
/Users/takashi/Documents/knowledge/unrated_knowledge/qtable/qtable_1_20181202_072616.csv,4
/Users/takashi/Documents/knowledge/unrated_knowledge/qtable/qtable_1_20181202_072617.csv,2
/Users/takashi/Documents/knowledge/unrated_knowledge/qtable/qtable_1_20181202_072634.csv,5
/Users/takashi/Documents/knowledge/unrated_knowledge/qtable/qtable_1_20181202_072636.csv,3
/Users/takashi/Documents/knowledge/unrated_knowledge/qtable/qtable_1_20181202_072645.csv,2
/Users/takashi/Documents/knowledge/unrated_knowledge/qtable/qtable_1_20181202_072658.csv,1
/Users/takashi/Documents/knowledge/unrated_knowledge/qtable/qtable_1_20181202_072706.csv,1
/Users/takashi/Documents/knowledge/unrated_knowledge/qtable/qtable_1_20181202_072731.csv,3
/Users/takashi/Documents/knowledge/unrated_knowledge/qtable/qtable_1_20181202_072736.csv,5
/Users/takashi/Documents/knowledge/unrated_knowledge/qtable/qtable_1_20181202_072737.csv,2
/Users/takashi/Documents/knowledge/unrated_knowledge/qtable/qtable_1_20181202_072741.csv,6
/Users/takashi/Documents/knowledge/unrated_knowledge/qtable/qtable_1_20181202_072742.csv,0
/Users/takashi/Documents/knowledge/unrated_knowledge/qtable/qtable_1_20181202_072801.csv,5
/Users/takashi/Documents/knowledge/unrated_knowledge/qtable/qtable_1_20181202_072803.csv,2
/Users/takashi/Documents/knowledge/unrated_knowledge/qtable/qtable_1_20181202_072810.csv,7
/Users/takashi/Documents/knowledge/unrated_knowledge/qtable/qtable_1_20181202_072811.csv,5
/Users/takashi/Documents/knowledge/unrated_knowledge/qtable/qtable_1_20181202_072813.csv,4
/Users/takashi/Documents/knowledge/unrated_knowledge/qtable/qtable_1_20181202_072816.csv,3
/Users/takashi/Documents/knowledge/unrated_knowledge/qtable/qtable_1_20181202_072821.csv,3
/Users/takashi/Documents/knowledge/unrated_knowledge/qtable/qtable_1_20181202_072831.csv,3
/Users/takashi/Documents/knowledge/unrated_knowledge/qtable/qtable_1_20181202_072844.csv,4
/Users/takashi/Documents/knowledge/unrated_knowledge/qtable/qtable_1_20181202_072845.csv,1
/Users/takashi/Documents/knowledge/unrated_knowledge/qtable/qtable_1_20181202_072859.csv,2
/Users/takashi/Documents/knowledge/unrated_knowledge/qtable/qtable_1_20181202_072902.csv,3
/Users/takashi/Documents/knowledge/unrated_knowledge/qtable/qtable_1_20181202_072927.csv,2
/Users/takashi/Documents/knowledge/unrated_knowledge/qtable/qtable_1_20181202_072931.csv,4
/Users/takashi/Documents/knowledge/unrated_knowledge/qtable/qtable_1_20181202_072932.csv,3
/Users/takashi/Documents/knowledge/unrated_knowledge/qtable/qtable_1_20181202_072937.csv,4
/Users/takashi/Documents/knowledge/unrated_knowledge/qtable/qtable_1_20181202_072938.csv,7
/Users/takashi/Documents/knowledge/unrated_knowledge/qtable/qtable_1_20181202_072940.csv,5
/Users/takashi/Documents/knowledge/unrated_knowledge/qtable/qtable_1_20181202_072941.csv,0
/Users/takashi/Documents/knowledge/unrated_knowledge/qtable/qtable_1_20181202_072954.csv,0
/Users/takashi/Documents/knowledge/unrated_knowledge/qtable/qtable_1_20181202_072957.csv,0
/Users/takashi/Documents/knowledge/unrated_knowledge/qtable/qtable_1_20181202_073001.csv,2
/Users/takashi/Documents/knowledge/unrated_knowledge/qtable/qtable_1_20181202_073003.csv,5
/Users/takashi/Documents/knowledge/unrated_knowledge/qtable/qtable_1_20181202_073004.csv,7
/Users/takashi/Documents/knowledge/unrated_knowledge/qtable/qtable_1_20181202_073006.csv,7
/Users/takashi/Documents/knowledge/unrated_knowledge/qtable/qtable_1_20181202_073007.csv,2
/Users/takashi/Documents/knowledge/unrated_knowledge/qtable/qtable_1_20181202_073012.csv,5
/Users/takashi/Documents/knowledge/unrated_knowledge/qtable/qtable_1_20181202_073013.csv,3
/Users/takashi/Documents/knowledge/unrated_knowledge/qtable/qtable_1_20181202_073018.csv,1
/Users/takashi/Documents/knowledge/unrated_knowledge/qtable/qtable_1_20181202_073024.csv,6
/Users/takashi/Documents/knowledge/unrated_knowledge/qtable/qtable_1_20181202_073025.csv,0
/Users/takashi/Documents/knowledge/unrated_knowledge/qtable/qtable_1_20181202_073035.csv,5
/Users/takashi/Documents/knowledge/unrated_knowledge/qtable/qtable_1_20181202_073039.csv,3
/Users/takashi/Documents/knowledge/unrated_knowledge/qtable/qtable_1_20181202_073047.csv,6
/Users/takashi/Documents/knowledge/unrated_knowledge/qtable/qtable_1_20181202_073050.csv,7
/Users/takashi/Documents/knowledge/unrated_knowledge/qtable/qtable_1_20181202_073051.csv,3
/Users/takashi/Documents/knowledge/unrated_knowledge/qtable/qtable_1_20181202_073102.csv,6
/Users/takashi/Documents/knowledge/unrated_knowledge/qtable/qtable_1_20181202_073104.csv,6
/Users/takashi/Documents/knowledge/unrated_knowledge/qtable/qtable_1_20181202_073106.csv,1
/Users/takashi/Documents/knowledge/unrated_knowledge/qtable/qtable_1_20181202_073110.csv,4
/Users/takashi/Documents/knowledge/unrated_knowledge/qtable/qtable_1_20181202_073111.csv,5
/Users/takashi/Documents/knowledge/unrated_knowledge/qtable/qtable_1_20181202_073112.csv,4
/Users/takashi/Documents/knowledge/unrated_knowledge/qtable/qtable_1_20181202_073119.csv,1
/Users/takashi/Documents/knowledge/unrated_knowledge/qtable/qtable_1_20181202_073123.csv,0
/Users/takashi/Documents/knowledge/unrated_knowledge/qtable/qtable_1_20181202_073140.csv,6
/Users/takashi/Documents/knowledge/unrated_knowledge/qtable/qtable_1_20181202_073141.csv,5
/Users/takashi/Documents/knowledge/unrated_knowledge/qtable/qtable_1_20181202_073144.csv,1
/Users/takashi/Documents/knowledge/unrated_knowledge/qtable/qtable_1_20181202_073150.csv,2
/Users/takashi/Documents/knowledge/unrated_knowledge/qtable/qtable_1_20181202_073156.csv,3
/Users/takashi/Documents/knowledge/unrated_knowledge/qtable/qtable_1_20181202_073158.csv,4
/Users/takashi/Documents/knowledge/unrated_knowledge/qtable/qtable_1_20181202_073201.csv,2
/Users/takashi/Documents/knowledge/unrated_knowledge/qtable/qtable_1_20181202_073205.csv,3
/Users/takashi/Documents/knowledge/unrated_knowledge/qtable/qtable_1_20181202_073221.csv,2
/Users/takashi/Documents/knowledge/unrated_knowledge/qtable/qtable_1_20181202_073225.csv,3
/Users/takashi/Documents/knowledge/unrated_knowledge/qtable/qtable_1_20181202_073231.csv,6
/Users/takashi/Documents/knowledge/unrated_knowledge/qtable/qtable_1_20181202_073232.csv,1
/Users/takashi/Documents/knowledge/unrated_knowledge/qtable/qtable_1_20181202_073239.csv,0
/Users/takashi/Documents/knowledge/unrated_knowledge/qtable/qtable_1_20181202_073248.csv,6
/Users/takashi/Documents/knowledge/unrated_knowledge/qtable/qtable_1_20181202_073249.csv,1
/Users/takashi/Documents/knowledge/unrated_knowledge/qtable/qtable_1_20181202_073259.csv,5
/Users/takashi/Documents/knowledge/unrated_knowledge/qtable/qtable_1_20181202_073300.csv,4
/Users/takashi/Documents/knowledge/unrated_knowledge/qtable/qtable_1_20181202_073301.csv,3
/Users/takashi/Documents/knowledge/unrated_knowledge/qtable/qtable_1_20181202_073308.csv,1
/Users/takashi/Documents/knowledge/unrated_knowledge/qtable/qtable_1_20181202_073316.csv,4
/Users/takashi/Documents/knowledge/unrated_knowledge/qtable/qtable_1_20181202_073317.csv,4
/Users/takashi/Documents/knowledge/unrated_knowledge/qtable/qtable_1_20181202_073318.csv,3
/Users/takashi/Documents/knowledge/unrated_knowledge/qtable/qtable_1_20181202_073352.csv,0
/Users/takashi/Documents/knowledge/unrated_knowledge/qtable/qtable_1_20181202_073358.csv,7
/Users/takashi/Documents/knowledge/unrated_knowledge/qtable/qtable_1_20181202_073359.csv,2
/Users/takashi/Documents/knowledge/unrated_knowledge/qtable/qtable_1_20181202_073409.csv,3
/Users/takashi/Documents/knowledge/unrated_knowledge/qtable/qtable_1_20181202_073441.csv,0
/Users/takashi/Documents/knowledge/unrated_knowledge/qtable/qtable_1_20181202_073445.csv,2
/Users/takashi/Documents/knowledge/unrated_knowledge/qtable/qtable_1_20181202_073450.csv,1
/Users/takashi/Documents/knowledge/unrated_knowledge/qtable/qtable_1_20181202_073457.csv,5
/Users/takashi/Documents/knowledge/unrated_knowledge/qtable/qtable_1_20181202_073459.csv,2
/Users/takashi/Documents/knowledge/unrated_knowledge/qtable/qtable_1_20181202_073506.csv,2
/Users/takashi/Documents/knowledge/unrated_knowledge/qtable/qtable_1_20181202_073509.csv,2
/Users/takashi/Documents/knowledge/unrated_knowledge/qtable/qtable_1_20181202_073515.csv,5
/Users/takashi/Documents/knowledge/unrated_knowledge/qtable/qtable_1_20181202_073517.csv,6
/Users/takashi/Documents/knowledge/unrated_knowledge/qtable/qtable_1_20181202_073520.csv,4
/Users/takashi/Documents/knowledge/unrated_knowledge/qtable/qtable_1_20181202_073524.csv,4
/Users/takashi/Documents/knowledge/unrated_knowledge/qtable/qtable_1_20181202_073526.csv,3
/Users/takashi/Documents/knowledge/unrated_knowledge/qtable/qtable_1_20181202_073535.csv,5
/Users/takashi/Documents/knowledge/unrated_knowledge/qtable/qtable_1_20181202_073537.csv,1
/Users/takashi/Documents/knowledge/unrated_knowledge/qtable/qtable_1_20181202_073550.csv,7
/Users/takashi/Documents/knowledge/unrated_knowledge/qtable/qtable_1_20181202_073552.csv,4
/Users/takashi/Documents/knowledge/unrated_knowledge/qtable/qtable_1_20181202_073553.csv,7
/Users/takashi/Documents/knowledge/unrated_knowledge/qtable/qtable_1_20181202_073556.csv,3
/Users/takashi/Documents/knowledge/unrated_knowledge/qtable/qtable_1_20181202_073600.csv,4
/Users/takashi/Documents/knowledge/unrated_knowledge/qtable/qtable_1_20181202_073601.csv,0
/Users/takashi/Documents/knowledge/unrated_knowledge/qtable/qtable_1_20181202_073609.csv,4
/Users/takashi/Documents/knowledge/unrated_knowledge/qtable/qtable_1_20181202_073610.csv,2
/Users/takashi/Documents/knowledge/unrated_knowledge/qtable/qtable_1_20181202_073619.csv,5
/Users/takashi/Documents/knowledge/unrated_knowledge/qtable/qtable_1_20181202_073620.csv,3
/Users/takashi/Documents/knowledge/unrated_knowledge/qtable/qtable_1_20181202_073642.csv,3
